CREATE DATABASE  IF NOT EXISTS `diversitydb` /*!40100 DEFAULT CHARACTER SET utf8 */;
USE `diversitydb`;
-- MySQL dump 10.13  Distrib 5.7.9, for Win64 (x86_64)
--
-- Host: localhost    Database: diversitydb
-- ------------------------------------------------------
-- Server version	5.7.13-log

/*!40101 SET @OLD_CHARACTER_SET_CLIENT=@@CHARACTER_SET_CLIENT */;
/*!40101 SET @OLD_CHARACTER_SET_RESULTS=@@CHARACTER_SET_RESULTS */;
/*!40101 SET @OLD_COLLATION_CONNECTION=@@COLLATION_CONNECTION */;
/*!40101 SET NAMES utf8 */;
/*!40103 SET @OLD_TIME_ZONE=@@TIME_ZONE */;
/*!40103 SET TIME_ZONE='+00:00' */;
/*!40014 SET @OLD_UNIQUE_CHECKS=@@UNIQUE_CHECKS, UNIQUE_CHECKS=0 */;
/*!40014 SET @OLD_FOREIGN_KEY_CHECKS=@@FOREIGN_KEY_CHECKS, FOREIGN_KEY_CHECKS=0 */;
/*!40101 SET @OLD_SQL_MODE=@@SQL_MODE, SQL_MODE='NO_AUTO_VALUE_ON_ZERO' */;
/*!40111 SET @OLD_SQL_NOTES=@@SQL_NOTES, SQL_NOTES=0 */;

--
-- Table structure for table `authors`
--

DROP TABLE IF EXISTS `authors`;
/*!40101 SET @saved_cs_client     = @@character_set_client */;
/*!40101 SET character_set_client = utf8 */;
CREATE TABLE `authors` (
  `id` int(11) NOT NULL,
  `age` int(11) DEFAULT NULL,
  `name` varchar(90) DEFAULT NULL,
  `gender` varchar(45) DEFAULT NULL,
  `location` varchar(45) DEFAULT NULL,
  `influence` double DEFAULT NULL,
  `comments` int(11) DEFAULT NULL,
  `likes` int(11) DEFAULT NULL,
  `views` int(11) DEFAULT NULL,
  PRIMARY KEY (`id`)
) ENGINE=InnoDB DEFAULT CHARSET=utf8;
/*!40101 SET character_set_client = @saved_cs_client */;

--
-- Dumping data for table `authors`
--

LOCK TABLES `authors` WRITE;
/*!40000 ALTER TABLE `authors` DISABLE KEYS */;
INSERT INTO `authors` VALUES (1,45,'Ana','FEMALE','Centro',0.35006499999999996,220,10,100),(2,40,'Guilherme','MALE','Centro',0.35006499999999996,220,10,100),(3,35,'Maria','FEMALE','Norte',0.35006499999999996,220,10,100),(4,50,'flavio','MALE','Sul',0.35006499999999996,220,10,100),(5,30,'tttt','MALE','Centro',0.35006499999999996,220,10,100),(6,15,'pedro','MALE','Sul',0.406726,88,10,100),(7,62,'Laverna','Female','West',0.360064,132,10,100),(8,70,'Grayson','Male','West',0.35673099999999996,143,10,100),(9,58,'Emmett','Male','East',0.406726,88,10,100),(10,30,'Christian','Male','East',0.406726,88,10,100),(11,63,'Gavin','Male','East',0.360064,132,10,100),(12,42,'Melvina','Female','East',0.413392,77,10,100),(13,21,'Unwin','Male','East',0.403393,99,10,100),(14,70,'Gresham','Male','East',0.40005999999999997,110,10,100),(15,25,'Sacha','Female','East',0.406726,88,10,100),(16,37,'April','Female','West',0.40005999999999997,110,10,100),(17,55,'Herbert','Male','West',0.420058,66,10,100),(18,24,'Morgan','Female','West',0.40005999999999997,110,10,100),(19,19,'Ingrid','Female','West',0.403393,99,10,100),(20,41,'Bonnie','Female','West',0.420058,66,10,100),(21,18,'Atwood','Male','East',0.36339699999999997,121,10,100),(22,38,'Rhett','Male','West',0.406726,88,10,100),(23,57,'Hortense','Female','West',0.420058,66,10,100),(24,64,'Marvin','Male','West',0.35673099999999996,154,10,100),(25,31,'Michael','Male','East',0.420058,66,10,100),(26,34,'Victor','Male','East',0.35673099999999996,143,10,100),(27,22,'Conan','Male','West',0.36339699999999997,121,10,100),(28,13,'Mabel','Female','East',0.413392,77,10,100),(29,79,'Mandy','Female','West',0.406726,88,10,100),(30,59,'Alice','Female','West',0.35673099999999996,143,10,100),(31,45,'Driscoll','Male','East',0.35006499999999996,198,10,100),(32,18,'Willa','Female','West',0.360064,132,10,100),(33,27,'Elvis','Male','West',0.413392,77,10,100),(34,50,'Verda','Female','East',0.406726,88,10,100),(35,32,'Medwin','Male','West',0.406726,88,10,100),(36,34,'Tony','Male','West',0.353398,165,10,100),(37,41,'Sebastian','Male','East',0.406726,88,10,100),(38,23,'Connor','Male','East',0.406726,88,10,100),(39,69,'Miriam','Female','West',0.353398,165,10,100),(40,55,'Alma','Female','East',0.36339699999999997,121,10,100),(41,62,'Conrad','Male','West',0.420058,66,10,100),(42,69,'Catherine','Female','West',0.36339699999999997,121,10,100),(43,30,'Monica','Female','West',0.403393,99,10,100),(44,16,'Clive','Male','East',0.48338499999999995,44,10,100),(45,35,'Shannon','Female','West',0.36339699999999997,121,10,100),(46,10,'Kate','Female','East',0.403393,99,10,100),(47,17,'Melanie','Female','West',0.406726,88,10,100),(48,62,'Baldwin','Male','East',0.420058,66,10,100),(49,64,'Dominica','Female','East',0.360064,132,10,100),(50,42,'Hunter','Male','East',0.403393,99,10,100),(51,50,'Thea','Female','West',0.36339699999999997,121,10,100),(52,70,'Derek','Male','West',0.413392,77,10,100),(53,64,'Cyril','Male','West',0.403393,99,10,100),(54,51,'Margot','Female','East',0.36339699999999997,121,10,100),(55,46,'Arlen','Male','West',0.360064,132,10,100),(56,54,'Angus','Male','West',0.35006499999999996,198,10,100),(57,79,'Walton','Male','West',0.35006499999999996,198,10,100),(58,29,'Barbara','Female','East',0.360064,132,10,100),(59,15,'Maxine','Female','West',0.40005999999999997,110,10,100),(60,26,'Lionel','Male','West',0.360064,132,10,100),(61,23,'Henry','Male','East',0.403393,99,10,100),(62,30,'Sheridan','Male','West',0.35673099999999996,154,10,100),(63,10,'Joy','Female','East',0.413392,77,10,100),(64,72,'Paul','Male','West',0.35673099999999996,143,10,100),(65,47,'Meris','Female','East',0.406726,88,10,100),(66,64,'Kerri','Female','West',0.406726,88,10,100),(67,48,'Amos','Male','East',0.40005999999999997,110,10,100),(68,10,'Wynne','Female','West',0.406726,88,10,100),(69,63,'Austin','Male','West',0.353398,165,10,100),(70,35,'Dominique','Female','West',0.35673099999999996,143,10,100),(71,28,'Ivory','Female','West',0.403393,99,10,100),(72,58,'Geneva','Female','West',0.46671999999999997,55,10,100),(73,57,'Shirley','Female','West',0.403393,99,10,100),(74,14,'Nadia','Female','East',0.406726,88,10,100),(75,21,'Rosa','Female','West',0.35673099999999996,154,10,100),(76,35,'Minerva','Female','East',0.406726,88,10,100),(77,60,'Alanna','Female','East',0.360064,132,10,100),(78,69,'Rex','Male','East',0.420058,66,10,100),(79,13,'Carl','Male','West',0.36339699999999997,121,10,100),(80,79,'Trina','Female','East',0.36339699999999997,121,10,100),(81,26,'Benedict','Male','East',0.406726,88,10,100),(82,65,'Valerie','Female','East',0.403393,99,10,100),(83,71,'Cherise','Female','East',0.413392,77,10,100),(84,32,'Quenby','Male','East',0.360064,132,10,100),(85,68,'Keegan','Male','West',0.40005999999999997,110,10,100),(86,70,'Elena','Female','West',0.40005999999999997,110,10,100),(87,54,'Abbott','Male','West',0.35006499999999996,187,10,100),(88,26,'Fitzgerald','Male','East',0.35673099999999996,154,10,100),(89,13,'Dora','Female','East',0.403393,99,10,100),(90,78,'Elaine','Female','East',0.420058,66,10,100),(91,10,'Primrose','Female','West',0.35673099999999996,154,10,100),(92,68,'Ursula','Female','East',0.360064,132,10,100),(93,10,'Rhea','Female','East',0.40005999999999997,110,10,100),(94,68,'Timothy','Male','East',0.360064,132,10,100),(95,58,'Cecil','Male','West',0.403393,99,10,100),(96,19,'Alina','Female','East',0.360064,132,10,100),(97,78,'Colin','Male','East',0.413392,77,10,100),(98,60,'Coleman','Male','West',0.420058,66,10,100),(99,42,'Ella','Female','East',0.360064,132,10,100),(100,31,'Kit','Male','West',0.360064,132,10,100);
/*!40000 ALTER TABLE `authors` ENABLE KEYS */;
UNLOCK TABLES;

--
-- Table structure for table `general`
--

DROP TABLE IF EXISTS `general`;
/*!40101 SET @saved_cs_client     = @@character_set_client */;
/*!40101 SET character_set_client = utf8 */;
CREATE TABLE `general` (
  `totalposts` int(11) DEFAULT NULL,
  `totallikes` int(11) DEFAULT NULL,
  `totalcomments` int(11) DEFAULT NULL,
  `totalviews` int(11) DEFAULT NULL,
  `lastupdated` date DEFAULT NULL
) ENGINE=InnoDB DEFAULT CHARSET=utf8;
/*!40101 SET character_set_client = @saved_cs_client */;

--
-- Dumping data for table `general`
--

LOCK TABLES `general` WRITE;
/*!40000 ALTER TABLE `general` DISABLE KEYS */;
/*!40000 ALTER TABLE `general` ENABLE KEYS */;
UNLOCK TABLES;

--
-- Table structure for table `opinions`
--

DROP TABLE IF EXISTS `opinions`;
/*!40101 SET @saved_cs_client     = @@character_set_client */;
/*!40101 SET character_set_client = utf8 */;
CREATE TABLE `opinions` (
  `id` int(11) NOT NULL,
  `reach` double DEFAULT NULL,
  `polarity` double DEFAULT NULL,
  `total_inf` double DEFAULT NULL,
  `authors_id` int(11) NOT NULL,
  `timestamp` date DEFAULT NULL,
  `tag_id` varchar(45) NOT NULL,
  PRIMARY KEY (`id`,`authors_id`),
  UNIQUE KEY `id_UNIQUE` (`id`),
  KEY `fk_opinions_authors_idx` (`authors_id`),
  CONSTRAINT `fk_opinions_authors` FOREIGN KEY (`authors_id`) REFERENCES `authors` (`id`) ON DELETE NO ACTION ON UPDATE NO ACTION
) ENGINE=InnoDB DEFAULT CHARSET=utf8;
/*!40101 SET character_set_client = @saved_cs_client */;

--
-- Dumping data for table `opinions`
--

LOCK TABLES `opinions` WRITE;
/*!40000 ALTER TABLE `opinions` DISABLE KEYS */;
INSERT INTO `opinions` VALUES (1,1,30.010061574819684,4.677398999999999,1,'2016-07-05',''),(7,0.7120636363636363,50,1.575872727272727,3,'2016-07-05',''),(12,1,19.44905430734087,4.624071,2,'2016-05-04',''),(13,0.7120636363636363,50,1.575872727272727,2,'2016-07-05',''),(23,1,26.00303407255284,4.394094,3,'2016-05-08',''),(34,1,15.603802454751467,4.614071999999999,4,'2016-05-11',''),(45,1,15.479092465169078,4.454088,5,'2016-05-15',''),(56,1,20.80776703628369,4.3907609999999995,1,'2016-05-19',''),(67,1,11.097608262681842,4.537413,2,'2016-05-22',''),(78,1,8.562259114838048,4.600739999999999,3,'2016-05-26',''),(89,1,22.134455235917713,4.610739,4,'2016-05-29',''),(100,1,14.67269821148319,4.420757999999999,5,'2016-06-02',''),(111,1,12.185654500880952,4.524081,1,'2016-06-06',''),(122,1,11.050222662267394,4.520747999999999,2,'2016-06-09',''),(133,1,11.254361081399233,4.417424999999999,3,'2016-06-13',''),(144,1,13.68739949577774,4.394094,4,'2016-06-16',''),(155,1,15.6384913586919,4.574076,5,'2016-06-20',''),(166,1,12.253246555318336,4.527413999999999,1,'2016-06-24',''),(177,1,8.87015246149531,4.520747999999999,2,'2016-06-27',''),(188,1,7.539793734452843,4.434089999999999,3,'2016-07-01',''),(199,1,7.265822015616929,4.377428999999999,4,'2016-07-04',''),(210,1,7.3192148160515265,4.564076999999999,5,'2016-07-08',''),(221,1,9.118438085375328,4.530746999999999,1,'2016-07-12',''),(232,1,6.096916559693636,4.470752999999999,2,'2016-07-15',''),(243,1,8.49958126010534,4.457420999999999,3,'2016-07-19',''),(254,1,5.982357611687488,4.534079999999999,4,'2016-07-22',''),(265,1,7.307235990950946,4.427423999999999,5,'2016-07-26',''),(276,1,8.49409384853257,4.480751999999999,1,'2016-07-30',''),(287,1,6.440148849755056,4.514081999999999,2,'2016-08-02',''),(298,1,10.088791304679788,4.5840749999999995,3,'2016-08-06',''),(309,1,6.77726359615975,4.580741999999999,4,'2016-08-09',''),(320,1,7.211972693382409,4.434089999999999,5,'2016-08-13',''),(331,1,9.92837745275797,4.46742,1,'2016-08-17',''),(342,1,6.405286731161535,4.524080999999999,2,'2016-08-20',''),(353,1,6.819973714669987,4.464087,3,'2016-08-24',''),(364,1,6.568624680795459,4.714061999999999,4,'2016-08-27',''),(375,1,8.258564957609106,4.537412999999999,5,'2016-08-31',''),(386,1,5.366414663890477,4.56741,1,'2016-09-04',''),(397,1,9.323596424863121,4.564077,2,'2016-09-07',''),(408,1,10.109662297238735,4.437423,3,'2016-09-11',''),(419,1,6.498865747179094,4.5840749999999995,4,'2016-09-14',''),(430,1,10.887447036879351,4.530746999999999,5,'2016-09-18',''),(441,1,9.69335593668206,4.480751999999999,1,'2016-09-22',''),(452,1,8.188185475333476,4.534079999999999,2,'2016-09-25',''),(463,1,9.498160069331911,4.637402999999999,3,'2016-09-29',''),(474,1,9.766679471041954,4.514081999999999,4,'2016-10-02',''),(485,1,8.667079124150382,4.417424999999999,5,'2016-10-06',''),(496,1,12.49774727913109,4.527413999999999,1,'2016-10-10',''),(507,1,8.756316466444554,4.337432999999999,2,'2016-10-13',''),(518,1,12.495049491741595,4.4974169999999996,3,'2016-10-17',''),(529,1,15.537225096638297,4.437423,4,'2016-10-20',''),(540,1,10.81434103588428,4.544079,5,'2016-10-24',''),(551,1,10.01657425220232,4.424091,1,'2016-10-28',''),(562,1,14.89206913046482,4.574076,2,'2016-10-31',''),(573,1,13.24778417968313,4.46742,3,'2016-11-04',''),(584,1,22.231672759753096,4.517415,4,'2016-11-07',''),(595,1,16.948095325471474,4.430756999999999,5,'2016-11-11',''),(606,1,15.7829406576343,4.487418,1,'2016-11-15',''),(617,1,19.74389249739588,4.5840749999999995,2,'2016-11-18',''),(628,1,11.723059139026498,4.380762,3,'2016-11-22',''),(639,1,10.792418660192306,4.417425,4,'2016-11-25',''),(650,1,23.163959497186667,4.530747,5,'2016-11-29',''),(661,1,16.496997779655498,4.374096,1,'2016-12-03',''),(672,1,10.802144313047663,4.464086999999999,2,'2016-12-06',''),(683,1,25.992645316420017,4.477418999999999,3,'2016-12-10',''),(694,1,17.663395419372232,4.537412999999999,4,'2016-12-13',''),(705,1,32.433672994136046,4.487418,5,'2016-12-17',''),(716,1,14.890618986061602,4.520747999999999,1,'2016-12-21',''),(727,1,24.759542643541124,4.617405,2,'2016-12-24',''),(738,1,12.693600516417616,4.537412999999999,3,'2016-12-28',''),(749,1,15.946483302346518,4.7407259999999996,4,'2016-12-31',''),(760,1,17.666986402459674,4.4474219999999995,5,'2017-01-04',''),(771,1,17.451508228987862,4.437423,1,'2017-01-08',''),(782,1,23.170957549502873,4.520747999999999,2,'2017-01-11',''),(793,1,27.955442884422272,4.524081,3,'2017-01-15',''),(804,1,25.482422296573887,4.660734,4,'2017-01-18',''),(815,1,19.16878732358338,4.620737999999999,5,'2017-01-22',''),(826,1,38.95211700986967,4.594074,1,'2017-01-26',''),(837,1,26.671576153696904,4.607405999999999,2,'2017-01-29',''),(848,1,28.85540711404396,4.520747999999999,3,'2017-02-02',''),(859,1,21.84488252684334,4.517415,4,'2017-02-05',''),(870,1,26.161875351608195,4.4474219999999995,5,'2017-02-09',''),(881,1,26.87098484753036,4.524081,1,'2017-02-13',''),(892,1,20.52160681143313,4.424091,2,'2017-02-16',''),(903,1,30.323146774037912,4.580742,3,'2017-02-20',''),(914,1,27.327930689127808,4.524080999999999,4,'2017-02-23',''),(925,1,24.903271045250516,4.560744,5,'2017-02-27',''),(936,1,22.319013223419628,4.577408999999999,1,'2017-03-03',''),(947,1,20.22263916267099,4.547412,2,'2017-03-06',''),(958,1,24.11656314045851,4.464086999999999,3,'2017-03-10',''),(969,1,31.775983017598453,4.580742,4,'2017-03-13',''),(980,1,22.3443979958791,4.5907409999999995,5,'2017-03-17',''),(991,1,24.246542748702527,4.5407459999999995,1,'2017-03-21',''),(1002,1,23.398206672133004,4.430757,2,'2017-03-24',''),(1013,1,37.700889970802905,4.524081,3,'2017-03-28',''),(1024,1,34.823746082353516,4.524081,4,'2017-03-31',''),(1035,1,32.920198161897105,4.520747999999999,5,'2017-04-04',''),(1046,1,36.57102298728708,4.414091999999999,1,'2017-04-08',''),(1057,1,20.881107379851695,4.464086999999999,2,'2017-04-11',''),(1068,1,17.670074033900992,4.4474219999999995,3,'2017-04-15',''),(1079,1,21.815780019345034,4.450754999999999,4,'2017-04-18',''),(1090,1,15.981836895814876,4.404092999999999,5,'2017-04-22','');
/*!40000 ALTER TABLE `opinions` ENABLE KEYS */;
UNLOCK TABLES;

--
-- Table structure for table `posts`
--

DROP TABLE IF EXISTS `posts`;
/*!40101 SET @saved_cs_client     = @@character_set_client */;
/*!40101 SET character_set_client = utf8 */;
CREATE TABLE `posts` (
  `id` int(11) NOT NULL,
  `polarity` double DEFAULT NULL,
  `message` longtext,
  `opinions_id` int(11) NOT NULL,
  `author_id` int(11) NOT NULL,
  PRIMARY KEY (`id`,`opinions_id`),
  UNIQUE KEY `id_UNIQUE` (`id`),
  KEY `fk_posts_opinions1_idx` (`opinions_id`),
  CONSTRAINT `fk_posts_opinions1` FOREIGN KEY (`opinions_id`) REFERENCES `opinions` (`id`) ON DELETE NO ACTION ON UPDATE NO ACTION
) ENGINE=InnoDB DEFAULT CHARSET=utf8;
/*!40101 SET character_set_client = @saved_cs_client */;

--
-- Dumping data for table `posts`
--

LOCK TABLES `posts` WRITE;
/*!40000 ALTER TABLE `posts` DISABLE KEYS */;
INSERT INTO `posts` VALUES (1,56,'Tell me what you think of the new Airflow Sneakers from Nidas! I say decent! No?',1,1),(2,44,'mediocre!',1,65),(3,20,'I have these sneakers and I think they\'re bad!',1,11),(4,64,'So good!',1,74),(5,8,'I say dreadful! No?',1,59),(6,8,'Hum, dreadful!',1,70),(7,4,'I have these sneakers and I think they\'re horrendous!',1,17),(8,12,'I have these sneakers and I think they\'re terrible!',1,47),(9,4,'I say horrendous! No?',1,22),(10,56,'Hum, decent!',1,74),(11,32,'In a word: deficient!',1,81),(12,4,'Have you tested the Nidas\' Airflow Sneakers? I have these sneakers and I think they\'re horrendous!',12,2),(13,40,'I have these sneakers and I think they\'re limited!',12,92),(14,8,'In a word: dreadful!',12,75),(15,20,'In a word: bad!',12,14),(16,24,'These sneakers are poor!',12,78),(17,4,'horrendous!',12,64),(18,32,'deficient!',12,90),(19,4,'I say horrendous! No?',12,53),(20,4,'These are horrendous sneakers!',12,19),(21,28,'...inferior sneakers!',12,50),(22,56,'These sneakers are decent!',12,93),(23,36,'Check the new Airflow Sneakers from Nidas! So weak!',23,3),(24,4,'So horrendous!',23,56),(25,36,'...weak sneakers!',23,88),(26,36,'What a weak sneakers!',23,92),(27,28,'I say inferior! No?',23,90),(28,40,'...limited sneakers!',23,99),(29,4,'In a word: horrendous!',23,64),(30,4,'In a word: horrendous!',23,27),(31,28,'Hum, inferior!',23,84),(32,24,'What a poor sneakers!',23,9),(33,36,'So weak!',23,77),(34,4,'Tell me what you think of the new Airflow Sneakers from Nidas! Hum, horrendous!',34,4),(35,4,'These are horrendous sneakers!',34,39),(36,52,'What a fair sneakers!',34,28),(37,4,'I have these sneakers and I think they\'re horrendous!',34,17),(38,4,'So horrendous!',34,8),(39,4,'What a horrendous sneakers!',34,62),(40,4,'...horrendous sneakers!',34,57),(41,28,'I have these sneakers and I think they\'re inferior!',34,90),(42,32,'...deficient sneakers!',34,49),(43,32,'I say deficient! No?',34,44),(44,4,'I have these sneakers and I think they\'re horrendous!',34,16),(45,44,'Check the new Airflow Sneakers from Nidas! These sneakers are mediocre!',45,5),(46,4,'These sneakers are horrendous!',45,20),(47,4,'horrendous!',45,79),(48,8,'I say dreadful! No?',45,6),(49,4,'These sneakers are horrendous!',45,51),(50,4,'...horrendous sneakers!',45,69),(51,8,'I say dreadful! No?',45,75),(52,32,'Hum, deficient!',45,26),(53,4,'In a word: horrendous!',45,30),(54,28,'Hum, inferior!',45,25),(55,4,'So horrendous!',45,24),(56,8,'Check the new Airflow Sneakers from Nidas! ...dreadful sneakers!',56,1),(57,24,'In a word: poor!',56,31),(58,4,'I say horrendous! No?',56,100),(59,40,'In a word: limited!',56,96),(60,36,'weak!',56,58),(61,4,'...horrendous sneakers!',56,69),(62,28,'I say inferior! No?',56,25),(63,4,'These sneakers are horrendous!',56,24),(64,24,'I say poor! No?',56,26),(65,20,'So bad!',56,94),(66,44,'In a word: mediocre!',56,63),(67,4,'Airflow Sneakers from Nidas! Any comments?I say horrendous! No?',67,2),(68,4,'These sneakers are horrendous!',67,6),(69,4,'horrendous!',67,56),(70,4,'horrendous!',67,79),(71,8,'I say dreadful! No?',67,75),(72,40,'What a limited sneakers!',67,89),(73,4,'horrendous!',67,41),(74,4,'So horrendous!',67,32),(75,16,'These sneakers are awful!',67,97),(76,4,'So horrendous!',67,55),(77,32,'I say deficient! No?',67,61),(78,4,'Tell me what you think of the new Airflow Sneakers from Nidas! Hum, horrendous!',78,3),(79,4,'...horrendous sneakers!',78,20),(80,4,'What a horrendous sneakers!',78,7),(81,16,'I say awful! No?',78,48),(82,4,'...horrendous sneakers!',78,43),(83,16,'...awful sneakers!',78,78),(84,4,'I have these sneakers and I think they\'re horrendous!',78,56),(85,12,'What a terrible sneakers!',78,68),(86,16,'What a awful sneakers!',78,14),(87,12,'Hum, terrible!',78,91),(88,4,'What a horrendous sneakers!',78,79),(89,20,'Airflow Sneakers from Nidas! Any comments?...bad sneakers!',89,4),(90,28,'In a word: inferior!',89,76),(91,8,'These are dreadful sneakers!',89,91),(92,16,'What a awful sneakers!',89,14),(93,24,'So poor!',89,65),(94,36,'I have these sneakers and I think they\'re weak!',89,15),(95,28,'What a inferior sneakers!',89,99),(96,24,'What a poor sneakers!',89,13),(97,32,'These are deficient sneakers!',89,89),(98,24,'I have these sneakers and I think they\'re poor!',89,21),(99,4,'Hum, horrendous!',89,19),(100,24,'Tell me what you think of the new Airflow Sneakers from Nidas! In a word: poor!',100,5),(101,4,'horrendous!',100,71),(102,24,'These are poor sneakers!',100,40),(103,24,'I say poor! No?',100,54),(104,4,'These are horrendous sneakers!',100,86),(105,4,'So horrendous!',100,57),(106,4,'...horrendous sneakers!',100,56),(107,32,'These sneakers are deficient!',100,74),(108,4,'Hum, horrendous!',100,7),(109,8,'...dreadful sneakers!',100,32),(110,20,'Hum, bad!',100,80),(111,12,'Have you tested the Nidas\' Airflow Sneakers? I have these sneakers and I think they\'re terrible!',111,1),(112,32,'I have these sneakers and I think they\'re deficient!',111,76),(113,20,'So bad!',111,26),(114,4,'These are horrendous sneakers!',111,68),(115,24,'I say poor! No?',111,82),(116,4,'These sneakers are horrendous!',111,24),(117,4,'I say horrendous! No?',111,51),(118,4,'Hum, horrendous!',111,23),(119,16,'...awful sneakers!',111,50),(120,4,'What a horrendous sneakers!',111,87),(121,8,'I say dreadful! No?',111,75),(122,24,'Nidas launched the new Airflow Sneakers! I say poor! No?',122,2),(123,4,'These are horrendous sneakers!',122,35),(124,4,'These sneakers are horrendous!',122,45),(125,20,'These sneakers are bad!',122,61),(126,20,'What a bad sneakers!',122,26),(127,4,'I say horrendous! No?',122,73),(128,4,'In a word: horrendous!',122,24),(129,4,'I have these sneakers and I think they\'re horrendous!',122,42),(130,4,'I have these sneakers and I think they\'re horrendous!',122,6),(131,4,'So horrendous!',122,53),(132,20,'...bad sneakers!',122,26),(133,20,'Airflow Sneakers from Nidas! Any comments?In a word: bad!',133,3),(134,8,'These are dreadful sneakers!',133,78),(135,4,'In a word: horrendous!',133,57),(136,4,'horrendous!',133,70),(137,24,'I have these sneakers and I think they\'re poor!',133,99),(138,16,'These sneakers are awful!',133,50),(139,4,'So horrendous!',133,86),(140,12,'I say terrible! No?',133,31),(141,4,'These sneakers are horrendous!',133,51),(142,4,'...horrendous sneakers!',133,69),(143,16,'Hum, awful!',133,49),(144,12,'Tell me what you think of the new Airflow Sneakers from Nidas! ...terrible sneakers!',144,4),(145,4,'horrendous!',144,32),(146,4,'Hum, horrendous!',144,32),(147,28,'inferior!',144,96),(148,24,'Hum, poor!',144,58),(149,12,'...terrible sneakers!',144,9),(150,12,'So terrible!',144,94),(151,12,'...terrible sneakers!',144,80),(152,4,'I have these sneakers and I think they\'re horrendous!',144,91),(153,24,'These are poor sneakers!',144,58),(154,16,'I have these sneakers and I think they\'re awful!',144,37),(155,24,'Airflow Sneakers from Nidas! Any comments?I have these sneakers and I think they\'re poor!',155,5),(156,28,'I say inferior! No?',155,46),(157,8,'In a word: dreadful!',155,97),(158,24,'Hum, poor!',155,28),(159,20,'What a bad sneakers!',155,88),(160,20,'bad!',155,40),(161,4,'These sneakers are horrendous!',155,42),(162,4,'I have these sneakers and I think they\'re horrendous!',155,87),(163,8,'dreadful!',155,67),(164,4,'What a horrendous sneakers!',155,71),(165,20,'These are bad sneakers!',155,15),(166,4,'Nidas launched the new Airflow Sneakers! horrendous!',166,1),(167,20,'These sneakers are bad!',166,99),(168,24,'These are poor sneakers!',166,34),(169,4,'...horrendous sneakers!',166,71),(170,28,'I say inferior! No?',166,74),(171,4,'These sneakers are horrendous!',166,60),(172,20,'I say bad! No?',166,74),(173,8,'These are dreadful sneakers!',166,11),(174,4,'I have these sneakers and I think they\'re horrendous!',166,47),(175,20,'These are bad sneakers!',166,49),(176,4,'These sneakers are horrendous!',166,8),(177,4,'Nidas launched the new Airflow Sneakers! horrendous!',177,2),(178,4,'So horrendous!',177,53),(179,4,'Hum, horrendous!',177,39),(180,4,'I have these sneakers and I think they\'re horrendous!',177,69),(181,4,'So horrendous!',177,32),(182,8,'I have these sneakers and I think they\'re dreadful!',177,97),(183,20,'...bad sneakers!',177,40),(184,28,'...inferior sneakers!',177,28),(185,8,'...dreadful sneakers!',177,75),(186,4,'What a horrendous sneakers!',177,19),(187,12,'What a terrible sneakers!',177,14),(188,4,'Airflow Sneakers from Nidas! Any comments?I have these sneakers and I think they\'re horrendous!',188,3),(189,4,'What a horrendous sneakers!',188,43),(190,4,'So horrendous!',188,70),(191,4,'Hum, horrendous!',188,7),(192,4,'Hum, horrendous!',188,94),(193,4,'I have these sneakers and I think they\'re horrendous!',188,27),(194,4,'Hum, horrendous!',188,24),(195,20,'So bad!',188,46),(196,4,'These are horrendous sneakers!',188,55),(197,16,'So awful!',188,40),(198,16,'Hum, awful!',188,37),(199,8,'Tell me what you think of the new Airflow Sneakers from Nidas! I have these sneakers and I think they\'re dreadful!',199,4),(200,4,'horrendous!',199,51),(201,4,'What a horrendous sneakers!',199,27),(202,4,'What a horrendous sneakers!',199,87),(203,8,'In a word: dreadful!',199,91),(204,16,'These are awful sneakers!',199,21),(205,4,'What a horrendous sneakers!',199,69),(206,4,'These sneakers are horrendous!',199,29),(207,4,'These are horrendous sneakers!',199,22),(208,16,'Hum, awful!',199,26),(209,8,'I say dreadful! No?',199,26),(210,4,'Check the new Airflow Sneakers from Nidas! horrendous!',210,5),(211,16,'These are awful sneakers!',210,92),(212,4,'These are horrendous sneakers!',210,69),(213,4,'What a horrendous sneakers!',210,52),(214,4,'These sneakers are horrendous!',210,66),(215,4,'What a horrendous sneakers!',210,16),(216,16,'What a awful sneakers!',210,99),(217,4,'These are horrendous sneakers!',210,62),(218,4,'horrendous!',210,53),(219,20,'In a word: bad!',210,15),(220,4,'...horrendous sneakers!',210,19),(221,12,'Tell me what you think of the new Airflow Sneakers from Nidas! terrible!',221,1),(222,4,'In a word: horrendous!',221,42),(223,16,'I have these sneakers and I think they\'re awful!',221,81),(224,16,'awful!',221,34),(225,4,'I say horrendous! No?',221,41),(226,4,'What a horrendous sneakers!',221,79),(227,4,'These are horrendous sneakers!',221,45),(228,16,'...awful sneakers!',221,93),(229,8,'...dreadful sneakers!',221,31),(230,8,'I say dreadful! No?',221,37),(231,4,'I say horrendous! No?',221,56),(232,4,'Airflow Sneakers from Nidas! Any comments?What a horrendous sneakers!',232,2),(233,4,'I have these sneakers and I think they\'re horrendous!',232,64),(234,4,'I have these sneakers and I think they\'re horrendous!',232,91),(235,4,'In a word: horrendous!',232,86),(236,4,'Hum, horrendous!',232,7),(237,4,'horrendous!',232,75),(238,12,'I have these sneakers and I think they\'re terrible!',232,77),(239,4,'...horrendous sneakers!',232,20),(240,8,'These sneakers are dreadful!',232,19),(241,16,'I say awful! No?',232,81),(242,4,'In a word: horrendous!',232,57),(243,4,'Nidas launched the new Airflow Sneakers! These are horrendous sneakers!',243,3),(244,4,'These sneakers are horrendous!',243,36),(245,4,'These sneakers are horrendous!',243,56),(246,8,'I have these sneakers and I think they\'re dreadful!',243,47),(247,12,'So terrible!',243,54),(248,4,'Hum, horrendous!',243,42),(249,20,'These sneakers are bad!',243,63),(250,8,'These are dreadful sneakers!',243,48),(251,16,'I have these sneakers and I think they\'re awful!',243,77),(252,12,'In a word: terrible!',243,21),(253,4,'Hum, horrendous!',243,27),(254,4,'Nidas launched the new Airflow Sneakers! I say horrendous! No?',254,4),(255,4,'I have these sneakers and I think they\'re horrendous!',254,73),(256,4,'I say horrendous! No?',254,45),(257,4,'What a horrendous sneakers!',254,52),(258,4,'These are horrendous sneakers!',254,8),(259,12,'I have these sneakers and I think they\'re terrible!',254,26),(260,4,'These sneakers are horrendous!',254,62),(261,12,'I have these sneakers and I think they\'re terrible!',254,82),(262,4,'In a word: horrendous!',254,71),(263,12,'I have these sneakers and I think they\'re terrible!',254,54),(264,4,'So horrendous!',254,33),(265,12,'Nidas launched the new Airflow Sneakers! ...terrible sneakers!',265,5),(266,4,'I have these sneakers and I think they\'re horrendous!',265,56),(267,12,'Hum, terrible!',265,21),(268,4,'Hum, horrendous!',265,7),(269,4,'In a word: horrendous!',265,24),(270,4,'What a horrendous sneakers!',265,69),(271,12,'Hum, terrible!',265,92),(272,12,'These are terrible sneakers!',265,38),(273,4,'horrendous!',265,17),(274,4,'...horrendous sneakers!',265,91),(275,4,'Hum, horrendous!',265,86),(276,16,'Tell me what you think of the new Airflow Sneakers from Nidas! Hum, awful!',276,1),(277,4,'What a horrendous sneakers!',276,69),(278,20,'In a word: bad!',276,58),(279,4,'These sneakers are horrendous!',276,45),(280,4,'What a horrendous sneakers!',276,29),(281,8,'I have these sneakers and I think they\'re dreadful!',276,97),(282,4,'What a horrendous sneakers!',276,19),(283,16,'These sneakers are awful!',276,96),(284,4,'...horrendous sneakers!',276,45),(285,4,'Hum, horrendous!',276,95),(286,4,'In a word: horrendous!',276,39),(287,4,'Airflow Sneakers from Nidas! Any comments?So horrendous!',287,2),(288,4,'In a word: horrendous!',287,29),(289,4,'horrendous!',287,56),(290,8,'What a dreadful sneakers!',287,68),(291,12,'...terrible sneakers!',287,13),(292,4,'I have these sneakers and I think they\'re horrendous!',287,91),(293,4,'These sneakers are horrendous!',287,75),(294,12,'These sneakers are terrible!',287,10),(295,4,'These are horrendous sneakers!',287,66),(296,12,'terrible!',287,54),(297,4,'horrendous!',287,30),(298,20,'Airflow Sneakers from Nidas! Any comments?Hum, bad!',298,3),(299,4,'...horrendous sneakers!',298,43),(300,8,'Hum, dreadful!',298,50),(301,12,'...terrible sneakers!',298,89),(302,4,'horrendous!',298,20),(303,12,'...terrible sneakers!',298,99),(304,12,'I have these sneakers and I think they\'re terrible!',298,10),(305,12,'What a terrible sneakers!',298,26),(306,4,'In a word: horrendous!',298,87),(307,4,'What a horrendous sneakers!',298,41),(308,12,'Hum, terrible!',298,58),(309,4,'Have you tested the Nidas\' Airflow Sneakers? These are horrendous sneakers!',309,4),(310,4,'...horrendous sneakers!',309,23),(311,4,'...horrendous sneakers!',309,24),(312,4,'I have these sneakers and I think they\'re horrendous!',309,66),(313,20,'So bad!',309,93),(314,4,'horrendous!',309,24),(315,8,'These sneakers are dreadful!',309,49),(316,4,'What a horrendous sneakers!',309,23),(317,4,'Hum, horrendous!',309,39),(318,4,'Hum, horrendous!',309,16),(319,16,'So awful!',309,10),(320,4,'Check the new Airflow Sneakers from Nidas! In a word: horrendous!',320,5),(321,4,'I have these sneakers and I think they\'re horrendous!',320,45),(322,4,'What a horrendous sneakers!',320,91),(323,4,'These sneakers are horrendous!',320,24),(324,4,'What a horrendous sneakers!',320,64),(325,12,'I say terrible! No?',320,81),(326,4,'These are horrendous sneakers!',320,42),(327,20,'So bad!',320,46),(328,12,'terrible!',320,54),(329,4,'I have these sneakers and I think they\'re horrendous!',320,62),(330,8,'These are dreadful sneakers!',320,81),(331,12,'Have you tested the Nidas\' Airflow Sneakers? So terrible!',331,1),(332,12,'These are terrible sneakers!',331,96),(333,4,'So horrendous!',331,6),(334,16,'I say awful! No?',331,40),(335,4,'...horrendous sneakers!',331,71),(336,4,'I have these sneakers and I think they\'re horrendous!',331,75),(337,16,'Hum, awful!',331,82),(338,16,'I have these sneakers and I think they\'re awful!',331,58),(339,4,'...horrendous sneakers!',331,36),(340,12,'What a terrible sneakers!',331,92),(341,8,'So dreadful!',331,14),(342,4,'Nidas launched the new Airflow Sneakers! I have these sneakers and I think they\'re horrendous!',342,2),(343,4,'What a horrendous sneakers!',342,57),(344,8,'These sneakers are dreadful!',342,11),(345,12,'terrible!',342,54),(346,4,'I have these sneakers and I think they\'re horrendous!',342,35),(347,8,'Hum, dreadful!',342,78),(348,12,'I say terrible! No?',342,61),(349,4,'These sneakers are horrendous!',342,95),(350,8,'I have these sneakers and I think they\'re dreadful!',342,9),(351,4,'So horrendous!',342,24),(352,4,'These are horrendous sneakers!',342,69),(353,4,'Check the new Airflow Sneakers from Nidas! ...horrendous sneakers!',353,3),(354,4,'In a word: horrendous!',353,30),(355,4,'horrendous!',353,45),(356,4,'Hum, horrendous!',353,17),(357,4,'Hum, horrendous!',353,55),(358,4,'I have these sneakers and I think they\'re horrendous!',353,51),(359,12,'These are terrible sneakers!',353,83),(360,16,'awful!',353,83),(361,12,'...terrible sneakers!',353,94),(362,4,'I have these sneakers and I think they\'re horrendous!',353,39),(363,8,'...dreadful sneakers!',353,11),(364,12,'Have you tested the Nidas\' Airflow Sneakers? Hum, terrible!',364,4),(365,4,'What a horrendous sneakers!',364,59),(366,4,'I have these sneakers and I think they\'re horrendous!',364,85),(367,4,'...horrendous sneakers!',364,35),(368,4,'I have these sneakers and I think they\'re horrendous!',364,56),(369,4,'These sneakers are horrendous!',364,18),(370,4,'So horrendous!',364,35),(371,4,'These are horrendous sneakers!',364,72),(372,4,'These are horrendous sneakers!',364,45),(373,20,'bad!',364,74),(374,4,'In a word: horrendous!',364,52),(375,4,'Have you tested the Nidas\' Airflow Sneakers? ...horrendous sneakers!',375,5),(376,4,'I have these sneakers and I think they\'re horrendous!',375,14),(377,4,'I say horrendous! No?',375,60),(378,4,'I have these sneakers and I think they\'re horrendous!',375,62),(379,16,'awful!',375,15),(380,4,'I have these sneakers and I think they\'re horrendous!',375,18),(381,4,'In a word: horrendous!',375,36),(382,20,'...bad sneakers!',375,58),(383,12,'So terrible!',375,94),(384,16,'In a word: awful!',375,44),(385,4,'horrendous!',375,30),(386,4,'Nidas launched the new Airflow Sneakers! I have these sneakers and I think they\'re horrendous!',386,1),(387,4,'These are horrendous sneakers!',386,36),(388,4,'Hum, horrendous!',386,18),(389,4,'These are horrendous sneakers!',386,32),(390,4,'Hum, horrendous!',386,43),(391,4,'In a word: horrendous!',386,100),(392,12,'So terrible!',386,94),(393,12,'Hum, terrible!',386,25),(394,4,'These sneakers are horrendous!',386,43),(395,4,'So horrendous!',386,43),(396,4,'I have these sneakers and I think they\'re horrendous!',386,43),(397,8,'Check the new Airflow Sneakers from Nidas! ...dreadful sneakers!',397,2),(398,12,'So terrible!',397,11),(399,12,'In a word: terrible!',397,90),(400,16,'These are awful sneakers!',397,77),(401,4,'...horrendous sneakers!',397,97),(402,16,'What a awful sneakers!',397,49),(403,4,'I have these sneakers and I think they\'re horrendous!',397,30),(404,4,'So horrendous!',397,98),(405,20,'So bad!',397,12),(406,4,'Hum, horrendous!',397,39),(407,4,'horrendous!',397,68),(408,16,'Airflow Sneakers from Nidas! Any comments?These are awful sneakers!',408,3),(409,4,'Hum, horrendous!',408,79),(410,4,'These sneakers are horrendous!',408,24),(411,24,'These are poor sneakers!',408,46),(412,12,'I have these sneakers and I think they\'re terrible!',408,11),(413,8,'These sneakers are dreadful!',408,11),(414,4,'I have these sneakers and I think they\'re horrendous!',408,32),(415,4,'horrendous!',408,29),(416,8,'I say dreadful! No?',408,11),(417,4,'So horrendous!',408,60),(418,16,'I have these sneakers and I think they\'re awful!',408,34),(419,4,'Check the new Airflow Sneakers from Nidas! horrendous!',419,4),(420,4,'These sneakers are horrendous!',419,7),(421,20,'So bad!',419,28),(422,4,'These are horrendous sneakers!',419,98),(423,4,'I say horrendous! No?',419,64),(424,4,'These sneakers are horrendous!',419,52),(425,16,'These sneakers are awful!',419,61),(426,4,'horrendous!',419,85),(427,4,'These sneakers are horrendous!',419,59),(428,4,'These sneakers are horrendous!',419,42),(429,4,'These sneakers are horrendous!',419,36),(430,20,'Nidas launched the new Airflow Sneakers! So bad!',430,5),(431,4,'So horrendous!',430,42),(432,4,'I have these sneakers and I think they\'re horrendous!',430,23),(433,4,'These are horrendous sneakers!',430,71),(434,20,'These are bad sneakers!',430,49),(435,4,'So horrendous!',430,32),(436,24,'These are poor sneakers!',430,76),(437,12,'In a word: terrible!',430,10),(438,12,'What a terrible sneakers!',430,26),(439,4,'So horrendous!',430,57),(440,4,'So horrendous!',430,53),(441,4,'Tell me what you think of the new Airflow Sneakers from Nidas! I have these sneakers and I think they\'re horrendous!',441,1),(442,4,'Hum, horrendous!',441,57),(443,16,'I say awful! No?',441,38),(444,8,'I say dreadful! No?',441,6),(445,20,'I say bad! No?',441,83),(446,4,'These are horrendous sneakers!',441,42),(447,12,'These are terrible sneakers!',441,94),(448,4,'Hum, horrendous!',441,60),(449,24,'These are poor sneakers!',441,46),(450,4,'These are horrendous sneakers!',441,70),(451,8,'What a dreadful sneakers!',441,11),(452,4,'Tell me what you think of the new Airflow Sneakers from Nidas! horrendous!',452,2),(453,4,'In a word: horrendous!',452,35),(454,4,'So horrendous!',452,30),(455,4,'I say horrendous! No?',452,51),(456,4,'Hum, horrendous!',452,86),(457,12,'I have these sneakers and I think they\'re terrible!',452,49),(458,4,'These are horrendous sneakers!',452,43),(459,20,'These sneakers are bad!',452,74),(460,20,'What a bad sneakers!',452,25),(461,4,'Hum, horrendous!',452,8),(462,12,'These sneakers are terrible!',452,84),(463,4,'Nidas launched the new Airflow Sneakers! I have these sneakers and I think they\'re horrendous!',463,3),(464,16,'Hum, awful!',463,90),(465,4,'What a horrendous sneakers!',463,19),(466,8,'These sneakers are dreadful!',463,68),(467,28,'What a inferior sneakers!',463,89),(468,8,'I have these sneakers and I think they\'re dreadful!',463,91),(469,16,'These are awful sneakers!',463,80),(470,4,'So horrendous!',463,85),(471,12,'These are terrible sneakers!',463,25),(472,4,'What a horrendous sneakers!',463,47),(473,4,'horrendous!',463,24),(474,16,'Airflow Sneakers from Nidas! Any comments?In a word: awful!',474,4),(475,16,'I say awful! No?',474,11),(476,4,'So horrendous!',474,29),(477,4,'...horrendous sneakers!',474,24),(478,8,'These are dreadful sneakers!',474,18),(479,4,'These are horrendous sneakers!',474,55),(480,4,'I have these sneakers and I think they\'re horrendous!',474,85),(481,16,'These sneakers are awful!',474,11),(482,4,'Hum, horrendous!',474,53),(483,20,'These are bad sneakers!',474,49),(484,8,'These are dreadful sneakers!',474,9),(485,4,'Airflow Sneakers from Nidas! Any comments?These are horrendous sneakers!',485,5),(486,16,'...awful sneakers!',485,90),(487,4,'I say horrendous! No?',485,70),(488,4,'I have these sneakers and I think they\'re horrendous!',485,56),(489,4,'Hum, horrendous!',485,57),(490,28,'inferior!',485,76),(491,4,'I say horrendous! No?',485,70),(492,20,'bad!',485,21),(493,4,'These are horrendous sneakers!',485,16),(494,4,'In a word: horrendous!',485,100),(495,4,'horrendous!',485,39),(496,28,'Check the new Airflow Sneakers from Nidas! inferior!',496,1),(497,4,'I have these sneakers and I think they\'re horrendous!',496,62),(498,4,'These sneakers are horrendous!',496,64),(499,16,'In a word: awful!',496,67),(500,24,'So poor!',496,99),(501,4,'I have these sneakers and I think they\'re horrendous!',496,69),(502,4,'In a word: horrendous!',496,100),(503,4,'So horrendous!',496,87),(504,4,'In a word: horrendous!',496,18),(505,24,'So poor!',496,44),(506,4,'In a word: horrendous!',496,47),(507,8,'Have you tested the Nidas\' Airflow Sneakers? I have these sneakers and I think they\'re dreadful!',507,2),(508,12,'In a word: terrible!',507,48),(509,4,'What a horrendous sneakers!',507,79),(510,4,'Hum, horrendous!',507,30),(511,4,'horrendous!',507,30),(512,4,'In a word: horrendous!',507,87),(513,24,'Hum, poor!',507,58),(514,24,'What a poor sneakers!',507,80),(515,4,'So horrendous!',507,62),(516,4,'These are horrendous sneakers!',507,56),(517,4,'I say horrendous! No?',507,100),(518,12,'Tell me what you think of the new Airflow Sneakers from Nidas! Hum, terrible!',518,3),(519,8,'These sneakers are dreadful!',518,59),(520,20,'Hum, bad!',518,80),(521,4,'These are horrendous sneakers!',518,64),(522,20,'I say bad! No?',518,31),(523,4,'These are horrendous sneakers!',518,87),(524,4,'These sneakers are horrendous!',518,51),(525,4,'horrendous!',518,91),(526,4,'In a word: horrendous!',518,7),(527,24,'In a word: poor!',518,44),(528,28,'So inferior!',518,12),(529,24,'Airflow Sneakers from Nidas! Any comments?...poor sneakers!',529,4),(530,4,'These are horrendous sneakers!',529,56),(531,20,'These sneakers are bad!',529,84),(532,4,'These are horrendous sneakers!',529,29),(533,4,'In a word: horrendous!',529,27),(534,4,'I say horrendous! No?',529,79),(535,16,'Hum, awful!',529,94),(536,12,'I have these sneakers and I think they\'re terrible!',529,48),(537,24,'I say poor! No?',529,82),(538,20,'So bad!',529,31),(539,32,'...deficient sneakers!',529,99),(540,16,'Have you tested the Nidas\' Airflow Sneakers? In a word: awful!',540,5),(541,4,'So horrendous!',540,7),(542,4,'...horrendous sneakers!',540,60),(543,4,'So horrendous!',540,23),(544,4,'Hum, horrendous!',540,55),(545,8,'These sneakers are dreadful!',540,6),(546,4,'In a word: horrendous!',540,60),(547,4,'horrendous!',540,23),(548,4,'These are horrendous sneakers!',540,56),(549,36,'These sneakers are weak!',540,93),(550,24,'In a word: poor!',540,38),(551,4,'Tell me what you think of the new Airflow Sneakers from Nidas! ...horrendous sneakers!',551,1),(552,24,'Hum, poor!',551,92),(553,4,'In a word: horrendous!',551,73),(554,4,'I have these sneakers and I think they\'re horrendous!',551,39),(555,4,'horrendous!',551,23),(556,24,'These sneakers are poor!',551,84),(557,4,'These sneakers are horrendous!',551,32),(558,20,'...bad sneakers!',551,92),(559,4,'I have these sneakers and I think they\'re horrendous!',551,36),(560,20,'I have these sneakers and I think they\'re bad!',551,13),(561,4,'These are horrendous sneakers!',551,87),(562,4,'Have you tested the Nidas\' Airflow Sneakers? These sneakers are horrendous!',562,2),(563,20,'So bad!',562,26),(564,4,'In a word: horrendous!',562,39),(565,36,'...weak sneakers!',562,15),(566,4,'Hum, horrendous!',562,17),(567,32,'In a word: deficient!',562,99),(568,28,'These are inferior sneakers!',562,12),(569,8,'dreadful!',562,59),(570,4,'...horrendous sneakers!',562,43),(571,24,'I have these sneakers and I think they\'re poor!',562,61),(572,8,'In a word: dreadful!',562,75),(573,4,'Have you tested the Nidas\' Airflow Sneakers? ...horrendous sneakers!',573,3),(574,28,'I say inferior! No?',573,34),(575,4,'horrendous!',573,86),(576,24,'...poor sneakers!',573,88),(577,4,'Hum, horrendous!',573,36),(578,4,'I have these sneakers and I think they\'re horrendous!',573,33),(579,4,'These sneakers are horrendous!',573,59),(580,28,'inferior!',573,88),(581,28,'I have these sneakers and I think they\'re inferior!',573,54),(582,24,'In a word: poor!',573,26),(583,4,'These are horrendous sneakers!',573,60),(584,28,'Check the new Airflow Sneakers from Nidas! These are inferior sneakers!',584,4),(585,4,'So horrendous!',584,95),(586,24,'Hum, poor!',584,88),(587,24,'In a word: poor!',584,21),(588,40,'In a word: limited!',584,74),(589,28,'These sneakers are inferior!',584,38),(590,32,'These sneakers are deficient!',584,34),(591,4,'horrendous!',584,62),(592,28,'I say inferior! No?',584,38),(593,20,'So bad!',584,31),(594,4,'I say horrendous! No?',584,60),(595,4,'Airflow Sneakers from Nidas! Any comments?So horrendous!',595,5),(596,4,'I have these sneakers and I think they\'re horrendous!',595,70),(597,4,'So horrendous!',595,16),(598,4,'I have these sneakers and I think they\'re horrendous!',595,39),(599,32,'So deficient!',595,82),(600,44,'...mediocre sneakers!',595,96),(601,32,'Hum, deficient!',595,54),(602,4,'Hum, horrendous!',595,41),(603,32,'deficient!',595,77),(604,20,'These sneakers are bad!',595,31),(605,20,'These are bad sneakers!',595,80),(606,4,'Airflow Sneakers from Nidas! Any comments?These sneakers are horrendous!',606,1),(607,4,'Hum, horrendous!',606,62),(608,20,'...bad sneakers!',606,67),(609,8,'I say dreadful! No?',606,32),(610,44,'These are mediocre sneakers!',606,28),(611,4,'I have these sneakers and I think they\'re horrendous!',606,56),(612,28,'In a word: inferior!',606,84),(613,4,'I have these sneakers and I think they\'re horrendous!',606,98),(614,4,'...horrendous sneakers!',606,55),(615,32,'...deficient sneakers!',606,21),(616,28,'What a inferior sneakers!',606,50),(617,4,'Airflow Sneakers from Nidas! Any comments?...horrendous sneakers!',617,2),(618,32,'These sneakers are deficient!',617,77),(619,4,'These are horrendous sneakers!',617,79),(620,32,'Hum, deficient!',617,13),(621,12,'Hum, terrible!',617,68),(622,16,'In a word: awful!',617,9),(623,4,'These sneakers are horrendous!',617,33),(624,44,'These sneakers are mediocre!',617,28),(625,32,'Hum, deficient!',617,88),(626,44,'I say mediocre! No?',617,89),(627,4,'In a word: horrendous!',617,30),(628,40,'Airflow Sneakers from Nidas! Any comments?So limited!',628,3),(629,4,'I have these sneakers and I think they\'re horrendous!',628,19),(630,4,'horrendous!',628,60),(631,4,'...horrendous sneakers!',628,27),(632,8,'I say dreadful! No?',628,91),(633,4,'These are horrendous sneakers!',628,7),(634,16,'In a word: awful!',628,11),(635,4,'What a horrendous sneakers!',628,53),(636,4,'horrendous!',628,64),(637,4,'I have these sneakers and I think they\'re horrendous!',628,62),(638,12,'So terrible!',628,32),(639,4,'Nidas launched the new Airflow Sneakers! I say horrendous! No?',639,4),(640,28,'inferior!',639,80),(641,4,'These are horrendous sneakers!',639,55),(642,28,'In a word: inferior!',639,10),(643,4,'These sneakers are horrendous!',639,39),(644,36,'Hum, weak!',639,77),(645,4,'So horrendous!',639,16),(646,4,'In a word: horrendous!',639,45),(647,4,'These are horrendous sneakers!',639,36),(648,4,'I have these sneakers and I think they\'re horrendous!',639,36),(649,4,'I have these sneakers and I think they\'re horrendous!',639,73),(650,4,'Have you tested the Nidas\' Airflow Sneakers? What a horrendous sneakers!',650,5),(651,36,'weak!',650,49),(652,4,'I have these sneakers and I think they\'re horrendous!',650,69),(653,32,'I have these sneakers and I think they\'re deficient!',650,10),(654,4,'In a word: horrendous!',650,64),(655,32,'...deficient sneakers!',650,10),(656,32,'What a deficient sneakers!',650,13),(657,20,'So bad!',650,78),(658,36,'These sneakers are weak!',650,61),(659,48,'I say average! No?',650,96),(660,20,'What a bad sneakers!',650,11),(661,36,'Have you tested the Nidas\' Airflow Sneakers? What a weak sneakers!',661,1),(662,16,'...awful sneakers!',661,14),(663,32,'Hum, deficient!',661,21),(664,4,'So horrendous!',661,100),(665,24,'These sneakers are poor!',661,94),(666,4,'...horrendous sneakers!',661,100),(667,4,'So horrendous!',661,24),(668,32,'I have these sneakers and I think they\'re deficient!',661,49),(669,4,'...horrendous sneakers!',661,57),(670,4,'I say horrendous! No?',661,62),(671,4,'What a horrendous sneakers!',661,35),(672,4,'Tell me what you think of the new Airflow Sneakers from Nidas! In a word: horrendous!',672,2),(673,12,'What a terrible sneakers!',672,47),(674,4,'...horrendous sneakers!',672,22),(675,4,'So horrendous!',672,79),(676,28,'These sneakers are inferior!',672,31),(677,4,'These are horrendous sneakers!',672,22),(678,4,'These sneakers are horrendous!',672,53),(679,4,'horrendous!',672,100),(680,8,'So dreadful!',672,91),(681,4,'Hum, horrendous!',672,87),(682,52,'I have these sneakers and I think they\'re fair!',672,96),(683,56,'Tell me what you think of the new Airflow Sneakers from Nidas! What a decent sneakers!',683,3),(684,4,'I have these sneakers and I think they\'re horrendous!',683,57),(685,4,'These are horrendous sneakers!',683,62),(686,40,'So limited!',683,65),(687,4,'I have these sneakers and I think they\'re horrendous!',683,17),(688,40,'Hum, limited!',683,54),(689,32,'I say deficient! No?',683,38),(690,4,'Hum, horrendous!',683,39),(691,32,'...deficient sneakers!',683,88),(692,40,'I say limited! No?',683,92),(693,4,'...horrendous sneakers!',683,95),(694,4,'Tell me what you think of the new Airflow Sneakers from Nidas! horrendous!',694,4),(695,56,'...decent sneakers!',694,63),(696,4,'These sneakers are horrendous!',694,98),(697,32,'I say deficient! No?',694,80),(698,36,'Hum, weak!',694,82),(699,12,'What a terrible sneakers!',694,75),(700,8,'I say dreadful! No?',694,59),(701,4,'These are horrendous sneakers!',694,30),(702,36,'In a word: weak!',694,49),(703,4,'...horrendous sneakers!',694,71),(704,8,'dreadful!',694,32),(705,36,'Airflow Sneakers from Nidas! Any comments?These are weak sneakers!',705,5),(706,36,'What a weak sneakers!',705,40),(707,4,'...horrendous sneakers!',705,87),(708,44,'So mediocre!',705,12),(709,28,'...inferior sneakers!',705,11),(710,60,'Hum, fine!',705,46),(711,36,'These sneakers are weak!',705,21),(712,52,'In a word: fair!',705,15),(713,4,'I have these sneakers and I think they\'re horrendous!',705,27),(714,40,'Hum, limited!',705,34),(715,4,'What a horrendous sneakers!',705,8),(716,4,'Nidas launched the new Airflow Sneakers! ...horrendous sneakers!',716,1),(717,28,'What a inferior sneakers!',716,67),(718,4,'Hum, horrendous!',716,29),(719,4,'These are horrendous sneakers!',716,27),(720,4,'Hum, horrendous!',716,100),(721,4,'...horrendous sneakers!',716,36),(722,8,'So dreadful!',716,59),(723,44,'So mediocre!',716,12),(724,4,'These are horrendous sneakers!',716,57),(725,56,'These are decent sneakers!',716,63),(726,4,'I have these sneakers and I think they\'re horrendous!',716,55),(727,32,'Nidas launched the new Airflow Sneakers! ...deficient sneakers!',727,2),(728,40,'limited!',727,84),(729,32,'These sneakers are deficient!',727,50),(730,4,'In a word: horrendous!',727,87),(731,4,'So horrendous!',727,35),(732,4,'So horrendous!',727,22),(733,24,'In a word: poor!',727,9),(734,4,'In a word: horrendous!',727,55),(735,20,'These sneakers are bad!',727,97),(736,56,'decent!',727,46),(737,44,'These are mediocre sneakers!',727,65),(738,12,'Nidas launched the new Airflow Sneakers! I have these sneakers and I think they\'re terrible!',738,3),(739,4,'So horrendous!',738,24),(740,40,'I say limited! No?',738,13),(741,4,'In a word: horrendous!',738,8),(742,4,'These sneakers are horrendous!',738,29),(743,4,'Hum, horrendous!',738,86),(744,4,'So horrendous!',738,85),(745,8,'In a word: dreadful!',738,18),(746,4,'These are horrendous sneakers!',738,87),(747,40,'So limited!',738,88),(748,16,'Hum, awful!',738,68),(749,4,'Nidas launched the new Airflow Sneakers! I say horrendous! No?',749,4),(750,4,'These are horrendous sneakers!',749,72),(751,44,'These sneakers are mediocre!',749,65),(752,32,'So deficient!',749,37),(753,4,'...horrendous sneakers!',749,55),(754,4,'horrendous!',749,52),(755,12,'In a word: terrible!',749,6),(756,40,'Hum, limited!',749,13),(757,4,'I have these sneakers and I think they\'re horrendous!',749,98),(758,32,'I say deficient! No?',749,67),(759,4,'These are horrendous sneakers!',749,8),(760,8,'Check the new Airflow Sneakers from Nidas! dreadful!',760,5),(761,40,'These are limited sneakers!',760,38),(762,44,'These sneakers are mediocre!',760,54),(763,4,'These are horrendous sneakers!',760,57),(764,4,'...horrendous sneakers!',760,53),(765,60,'fine!',760,93),(766,4,'I have these sneakers and I think they\'re horrendous!',760,69),(767,20,'...bad sneakers!',760,14),(768,4,'...horrendous sneakers!',760,55),(769,4,'Hum, horrendous!',760,39),(770,4,'Hum, horrendous!',760,8),(771,4,'Check the new Airflow Sneakers from Nidas! These are horrendous sneakers!',771,1),(772,4,'horrendous!',771,22),(773,40,'These sneakers are limited!',771,82),(774,40,'What a limited sneakers!',771,92),(775,12,'These sneakers are terrible!',771,6),(776,48,'I have these sneakers and I think they\'re average!',771,40),(777,4,'I say horrendous! No?',771,79),(778,4,'So horrendous!',771,60),(779,4,'These are horrendous sneakers!',771,70),(780,40,'These are limited sneakers!',771,77),(781,4,'These are horrendous sneakers!',771,70),(782,4,'Nidas launched the new Airflow Sneakers! These are horrendous sneakers!',782,2),(783,24,'I have these sneakers and I think they\'re poor!',782,9),(784,4,'...horrendous sneakers!',782,100),(785,52,'What a fair sneakers!',782,99),(786,60,'I have these sneakers and I think they\'re fine!',782,89),(787,4,'I say horrendous! No?',782,51),(788,68,'I have these sneakers and I think they\'re great!',782,46),(789,40,'So limited!',782,88),(790,4,'So horrendous!',782,51),(791,4,'horrendous!',782,95),(792,4,'These are horrendous sneakers!',782,86),(793,4,'Airflow Sneakers from Nidas! Any comments?horrendous!',793,3),(794,40,'I say limited! No?',793,83),(795,4,'horrendous!',793,36),(796,32,'What a deficient sneakers!',793,31),(797,4,'horrendous!',793,64),(798,36,'...weak sneakers!',793,67),(799,28,'These sneakers are inferior!',793,48),(800,36,'I have these sneakers and I think they\'re weak!',793,31),(801,64,'...good sneakers!',793,63),(802,64,'Hum, good!',793,63),(803,4,'horrendous!',793,36),(804,60,'Have you tested the Nidas\' Airflow Sneakers? Hum, fine!',804,4),(805,4,'I have these sneakers and I think they\'re horrendous!',804,56),(806,4,'horrendous!',804,73),(807,60,'Hum, fine!',804,58),(808,44,'So mediocre!',804,83),(809,36,'In a word: weak!',804,31),(810,4,'What a horrendous sneakers!',804,22),(811,4,'I have these sneakers and I think they\'re horrendous!',804,73),(812,4,'I say horrendous! No?',804,72),(813,36,'In a word: weak!',804,37),(814,4,'In a word: horrendous!',804,18),(815,8,'Check the new Airflow Sneakers from Nidas! So dreadful!',815,5),(816,4,'In a word: horrendous!',815,85),(817,68,'I say great! No?',815,93),(818,36,'I say weak! No?',815,37),(819,4,'What a horrendous sneakers!',815,57),(820,32,'These sneakers are deficient!',815,37),(821,52,'These are fair sneakers!',815,99),(822,4,'What a horrendous sneakers!',815,64),(823,4,'These are horrendous sneakers!',815,20),(824,4,'In a word: horrendous!',815,22),(825,4,'Hum, horrendous!',815,33),(826,60,'Check the new Airflow Sneakers from Nidas! These are fine sneakers!',826,1),(827,40,'These are limited sneakers!',826,88),(828,4,'In a word: horrendous!',826,8),(829,32,'These sneakers are deficient!',826,48),(830,44,'These sneakers are mediocre!',826,38),(831,68,'So great!',826,93),(832,40,'In a word: limited!',826,37),(833,12,'...terrible sneakers!',826,32),(834,4,'These are horrendous sneakers!',826,41),(835,64,'I say good! No?',826,74),(836,40,'I say limited! No?',826,92),(837,48,'Have you tested the Nidas\' Airflow Sneakers? Hum, average!',837,2),(838,4,'horrendous!',837,85),(839,52,'These are fair sneakers!',837,34),(840,8,'These are dreadful sneakers!',837,70),(841,4,'What a horrendous sneakers!',837,66),(842,60,'fine!',837,58),(843,48,'I have these sneakers and I think they\'re average!',837,65),(844,4,'I have these sneakers and I think they\'re horrendous!',837,16),(845,4,'...horrendous sneakers!',837,73),(846,4,'These sneakers are horrendous!',837,7),(847,40,'What a limited sneakers!',837,81),(848,24,'Check the new Airflow Sneakers from Nidas! I say poor! No?',848,3),(849,4,'I have these sneakers and I think they\'re horrendous!',848,60),(850,68,'These are great sneakers!',848,96),(851,64,'good!',848,58),(852,68,'...great sneakers!',848,28),(853,4,'In a word: horrendous!',848,95),(854,64,'These are good sneakers!',848,89),(855,8,'What a dreadful sneakers!',848,45),(856,4,'In a word: horrendous!',848,66),(857,8,'What a dreadful sneakers!',848,18),(858,4,'I have these sneakers and I think they\'re horrendous!',848,87),(859,4,'Check the new Airflow Sneakers from Nidas! So horrendous!',859,4),(860,48,'Hum, average!',859,77),(861,4,'horrendous!',859,42),(862,4,'horrendous!',859,36),(863,56,'So decent!',859,76),(864,40,'What a limited sneakers!',859,84),(865,44,'Hum, mediocre!',859,82),(866,40,'I say limited! No?',859,50),(867,4,'I say horrendous! No?',859,66),(868,4,'I have these sneakers and I think they\'re horrendous!',859,66),(869,4,'These sneakers are horrendous!',859,36),(870,40,'Check the new Airflow Sneakers from Nidas! Hum, limited!',870,5),(871,4,'What a horrendous sneakers!',870,95),(872,36,'What a weak sneakers!',870,31),(873,4,'These sneakers are horrendous!',870,71),(874,40,'What a limited sneakers!',870,50),(875,4,'horrendous!',870,30),(876,68,'These sneakers are great!',870,74),(877,64,'What a good sneakers!',870,96),(878,4,'So horrendous!',870,57),(879,4,'These are horrendous sneakers!',870,62),(880,4,'These are horrendous sneakers!',870,8),(881,40,'Tell me what you think of the new Airflow Sneakers from Nidas! In a word: limited!',881,1),(882,4,'Hum, horrendous!',881,64),(883,28,'In a word: inferior!',881,14),(884,4,'Hum, horrendous!',881,45),(885,60,'These sneakers are fine!',881,15),(886,4,'In a word: horrendous!',881,57),(887,4,'...horrendous sneakers!',881,42),(888,4,'These are horrendous sneakers!',881,20),(889,60,'In a word: fine!',881,58),(890,32,'These are deficient sneakers!',881,67),(891,40,'In a word: limited!',881,50),(892,48,'Airflow Sneakers from Nidas! Any comments?What a average sneakers!',892,2),(893,44,'So mediocre!',892,92),(894,4,'What a horrendous sneakers!',892,43),(895,4,'These are horrendous sneakers!',892,51),(896,4,'horrendous!',892,87),(897,4,'These are horrendous sneakers!',892,33),(898,48,'So average!',892,21),(899,28,'I have these sneakers and I think they\'re inferior!',892,94),(900,4,'...horrendous sneakers!',892,56),(901,12,'...terrible sneakers!',892,47),(902,4,'I have these sneakers and I think they\'re horrendous!',892,69),(903,44,'Nidas launched the new Airflow Sneakers! mediocre!',903,3),(904,64,'So good!',903,15),(905,8,'So dreadful!',903,16),(906,4,'These are horrendous sneakers!',903,86),(907,56,'In a word: decent!',903,65),(908,48,'In a word: average!',903,83),(909,4,'Hum, horrendous!',903,23),(910,44,'...mediocre sneakers!',903,26),(911,4,'These sneakers are horrendous!',903,27),(912,4,'...horrendous sneakers!',903,36),(913,40,'I have these sneakers and I think they\'re limited!',903,84),(914,44,'Tell me what you think of the new Airflow Sneakers from Nidas! mediocre!',914,4),(915,4,'...horrendous sneakers!',914,98),(916,8,'dreadful!',914,75),(917,12,'These are terrible sneakers!',914,75),(918,16,'I say awful! No?',914,91),(919,48,'I say average! No?',914,49),(920,44,'I say mediocre! No?',914,81),(921,44,'These are mediocre sneakers!',914,81),(922,44,'These are mediocre sneakers!',914,13),(923,8,'These sneakers are dreadful!',914,18),(924,12,'In a word: terrible!',914,75),(925,4,'Have you tested the Nidas\' Airflow Sneakers? I have these sneakers and I think they\'re horrendous!',925,5),(926,44,'I have these sneakers and I think they\'re mediocre!',925,88),(927,4,'I say horrendous! No?',925,7),(928,44,'In a word: mediocre!',925,83),(929,4,'horrendous!',925,36),(930,4,'What a horrendous sneakers!',925,33),(931,48,'What a average sneakers!',925,82),(932,4,'...horrendous sneakers!',925,69),(933,48,'So average!',925,61),(934,8,'I have these sneakers and I think they\'re dreadful!',925,16),(935,72,'In a word: superior!',925,89),(936,4,'Check the new Airflow Sneakers from Nidas! What a horrendous sneakers!',936,1),(937,56,'I say decent! No?',936,40),(938,32,'What a deficient sneakers!',936,31),(939,32,'Hum, deficient!',936,9),(940,4,'I say horrendous! No?',936,72),(941,4,'I have these sneakers and I think they\'re horrendous!',936,66),(942,8,'These are dreadful sneakers!',936,43),(943,4,'So horrendous!',936,30),(944,68,'...great sneakers!',936,63),(945,4,'horrendous!',936,39),(946,48,'...average sneakers!',936,88),(947,4,'Check the new Airflow Sneakers from Nidas! What a horrendous sneakers!',947,2),(948,40,'These are limited sneakers!',947,84),(949,32,'So deficient!',947,78),(950,32,'What a deficient sneakers!',947,78),(951,4,'These are horrendous sneakers!',947,95),(952,4,'So horrendous!',947,7),(953,4,'I have these sneakers and I think they\'re horrendous!',947,30),(954,4,'...horrendous sneakers!',947,8),(955,56,'These sneakers are decent!',947,76),(956,4,'I say horrendous! No?',947,7),(957,44,'mediocre!',947,61),(958,48,'Airflow Sneakers from Nidas! Any comments?...average sneakers!',958,3),(959,4,'Hum, horrendous!',958,60),(960,4,'These are horrendous sneakers!',958,95),(961,28,'I say inferior! No?',958,97),(962,4,'These sneakers are horrendous!',958,73),(963,4,'I have these sneakers and I think they\'re horrendous!',958,57),(964,44,'I have these sneakers and I think they\'re mediocre!',958,81),(965,4,'...horrendous sneakers!',958,51),(966,36,'These are weak sneakers!',958,31),(967,4,'horrendous!',958,69),(968,64,'Hum, good!',958,96),(969,64,'Tell me what you think of the new Airflow Sneakers from Nidas! ...good sneakers!',969,4),(970,4,'horrendous!',969,52),(971,72,'What a superior sneakers!',969,89),(972,4,'Hum, horrendous!',969,30),(973,4,'horrendous!',969,52),(974,40,'These sneakers are limited!',969,80),(975,4,'So horrendous!',969,52),(976,68,'In a word: great!',969,89),(977,8,'I have these sneakers and I think they\'re dreadful!',969,43),(978,52,'These are fair sneakers!',969,77),(979,4,'I say horrendous! No?',969,87),(980,40,'Check the new Airflow Sneakers from Nidas! So limited!',980,5),(981,48,'...average sneakers!',980,92),(982,48,'What a average sneakers!',980,88),(983,4,'These are horrendous sneakers!',980,85),(984,4,'So horrendous!',980,27),(985,32,'So deficient!',980,67),(986,4,'These sneakers are horrendous!',980,70),(987,4,'So horrendous!',980,55),(988,44,'...mediocre sneakers!',980,38),(989,4,'I have these sneakers and I think they\'re horrendous!',980,41),(990,4,'These are horrendous sneakers!',980,72),(991,12,'Tell me what you think of the new Airflow Sneakers from Nidas! Hum, terrible!',991,1),(992,40,'These are limited sneakers!',991,84),(993,4,'I say horrendous! No?',991,79),(994,48,'So average!',991,77),(995,72,'Hum, superior!',991,63),(996,8,'...dreadful sneakers!',991,75),(997,56,'These are decent sneakers!',991,12),(998,4,'...horrendous sneakers!',991,56),(999,4,'Hum, horrendous!',991,33),(1000,8,'These sneakers are dreadful!',991,71),(1001,16,'What a awful sneakers!',991,68),(1002,44,'Check the new Airflow Sneakers from Nidas! In a word: mediocre!',1002,2),(1003,4,'What a horrendous sneakers!',1002,70),(1004,48,'I say average! No?',1002,40),(1005,12,'So terrible!',1002,91),(1006,64,'These are good sneakers!',1002,96),(1007,4,'These are horrendous sneakers!',1002,100),(1008,12,'In a word: terrible!',1002,19),(1009,4,'These are horrendous sneakers!',1002,42),(1010,4,'...horrendous sneakers!',1002,35),(1011,44,'In a word: mediocre!',1002,26),(1012,4,'So horrendous!',1002,73),(1013,68,'Airflow Sneakers from Nidas! Any comments?I have these sneakers and I think they\'re great!',1013,3),(1014,48,'These sneakers are average!',1013,40),(1015,44,'These are mediocre sneakers!',1013,88),(1016,56,'Hum, decent!',1013,34),(1017,4,'I say horrendous! No?',1013,85),(1018,44,'These sneakers are mediocre!',1013,25),(1019,44,'These sneakers are mediocre!',1013,84),(1020,4,'These sneakers are horrendous!',1013,57),(1021,24,'In a word: poor!',1013,94),(1022,12,'These sneakers are terrible!',1013,18),(1023,40,'Hum, limited!',1013,81),(1024,24,'Airflow Sneakers from Nidas! Any comments?...poor sneakers!',1024,4),(1025,48,'So average!',1024,83),(1026,56,'...decent sneakers!',1024,76),(1027,4,'...horrendous sneakers!',1024,52),(1028,64,'So good!',1024,93),(1029,52,'I say fair! No?',1024,54),(1030,24,'poor!',1024,94),(1031,4,'So horrendous!',1024,36),(1032,44,'In a word: mediocre!',1024,13),(1033,32,'I say deficient! No?',1024,31),(1034,36,'What a weak sneakers!',1024,84),(1035,4,'Have you tested the Nidas\' Airflow Sneakers? These sneakers are horrendous!',1035,5),(1036,40,'So limited!',1035,37),(1037,52,'Hum, fair!',1035,99),(1038,40,'What a limited sneakers!',1035,61),(1039,24,'These are poor sneakers!',1035,14),(1040,68,'I have these sneakers and I think they\'re great!',1035,96),(1041,8,'I have these sneakers and I think they\'re dreadful!',1035,75),(1042,56,'I say decent! No?',1035,76),(1043,4,'So horrendous!',1035,60),(1044,44,'...mediocre sneakers!',1035,77),(1045,44,'...mediocre sneakers!',1035,10),(1046,68,'Tell me what you think of the new Airflow Sneakers from Nidas! I have these sneakers and I think they\'re great!',1046,1),(1047,12,'These sneakers are terrible!',1046,59),(1048,44,'These are mediocre sneakers!',1046,92),(1049,4,'These are horrendous sneakers!',1046,87),(1050,4,'Hum, horrendous!',1046,100),(1051,28,'These are inferior sneakers!',1046,11),(1052,40,'limited!',1046,80),(1053,36,'What a weak sneakers!',1046,31),(1054,44,'So mediocre!',1046,26),(1055,40,'These are limited sneakers!',1046,10),(1056,52,'I have these sneakers and I think they\'re fair!',1046,65),(1057,24,'Airflow Sneakers from Nidas! Any comments?...poor sneakers!',1057,2),(1058,4,'So horrendous!',1057,51),(1059,4,'horrendous!',1057,85),(1060,40,'In a word: limited!',1057,88),(1061,4,'horrendous!',1057,16),(1062,8,'...dreadful sneakers!',1057,70),(1063,52,'fair!',1057,12),(1064,4,'I have these sneakers and I think they\'re horrendous!',1057,8),(1065,4,'I say horrendous! No?',1057,64),(1066,68,'So great!',1057,46),(1067,8,'What a dreadful sneakers!',1057,75),(1068,4,'Have you tested the Nidas\' Airflow Sneakers? Hum, horrendous!',1068,3),(1069,4,'These sneakers are horrendous!',1068,73),(1070,36,'So weak!',1068,31),(1071,4,'What a horrendous sneakers!',1068,27),(1072,4,'So horrendous!',1068,86),(1073,32,'I have these sneakers and I think they\'re deficient!',1068,67),(1074,60,'So fine!',1068,93),(1075,48,'These sneakers are average!',1068,40),(1076,4,'...horrendous sneakers!',1068,100),(1077,4,'So horrendous!',1068,87),(1078,4,'horrendous!',1068,8),(1079,48,'Tell me what you think of the new Airflow Sneakers from Nidas! What a average sneakers!',1079,4),(1080,4,'I have these sneakers and I think they\'re horrendous!',1079,22),(1081,60,'In a word: fine!',1079,93),(1082,36,'I have these sneakers and I think they\'re weak!',1079,31),(1083,4,'I say horrendous! No?',1079,66),(1084,36,'So weak!',1079,80),(1085,4,'These are horrendous sneakers!',1079,62),(1086,4,'These sneakers are horrendous!',1079,56),(1087,4,'horrendous!',1079,39),(1088,12,'These sneakers are terrible!',1079,47),(1089,4,'...horrendous sneakers!',1079,70),(1090,4,'Nidas launched the new Airflow Sneakers! ...horrendous sneakers!',1090,5),(1091,4,'These are horrendous sneakers!',1090,35),(1092,4,'In a word: horrendous!',1090,57),(1093,36,'weak!',1090,31),(1094,4,'What a horrendous sneakers!',1090,45),(1095,52,'In a word: fair!',1090,58),(1096,28,'Hum, inferior!',1090,67),(1097,8,'dreadful!',1090,59),(1098,4,'These sneakers are horrendous!',1090,70),(1099,4,'In a word: horrendous!',1090,36),(1100,40,'I say limited! No?',1090,21);
/*!40000 ALTER TABLE `posts` ENABLE KEYS */;
UNLOCK TABLES;

--
-- Table structure for table `user`
--

DROP TABLE IF EXISTS `user`;
/*!40101 SET @saved_cs_client     = @@character_set_client */;
/*!40101 SET character_set_client = utf8 */;
CREATE TABLE `user` (
  `id` int(11) NOT NULL,
  `name` varchar(45) DEFAULT NULL,
  `age` int(11) DEFAULT NULL,
  `gender` varchar(45) DEFAULT NULL,
  `location` varchar(45) DEFAULT NULL,
  PRIMARY KEY (`id`),
  UNIQUE KEY `id_UNIQUE` (`id`)
) ENGINE=InnoDB DEFAULT CHARSET=utf8;
/*!40101 SET character_set_client = @saved_cs_client */;

--
-- Dumping data for table `user`
--

LOCK TABLES `user` WRITE;
/*!40000 ALTER TABLE `user` DISABLE KEYS */;
INSERT INTO `user` VALUES (1,'Ana',25,'FEMALE','Centro'),(2,'Guilherme',24,'MALE','Centro'),(3,'Maria',21,'FEMALE','Norte'),(4,'flavio',24,'MALE','Sul'),(5,'ferreira',20,'MALE','Este'),(6,'pedro',20,'MALE','Sul'),(10,'eder',21,'MALE','casa');
/*!40000 ALTER TABLE `user` ENABLE KEYS */;
UNLOCK TABLES;
/*!40103 SET TIME_ZONE=@OLD_TIME_ZONE */;

/*!40101 SET SQL_MODE=@OLD_SQL_MODE */;
/*!40014 SET FOREIGN_KEY_CHECKS=@OLD_FOREIGN_KEY_CHECKS */;
/*!40014 SET UNIQUE_CHECKS=@OLD_UNIQUE_CHECKS */;
/*!40101 SET CHARACTER_SET_CLIENT=@OLD_CHARACTER_SET_CLIENT */;
/*!40101 SET CHARACTER_SET_RESULTS=@OLD_CHARACTER_SET_RESULTS */;
/*!40101 SET COLLATION_CONNECTION=@OLD_COLLATION_CONNECTION */;
/*!40111 SET SQL_NOTES=@OLD_SQL_NOTES */;

-- Dump completed on 2016-07-15 19:26:45
CREATE DATABASE  IF NOT EXISTS `sentimentposts` /*!40100 DEFAULT CHARACTER SET utf8 */;
USE `sentimentposts`;
-- MySQL dump 10.13  Distrib 5.7.9, for Win64 (x86_64)
--
-- Host: localhost    Database: sentimentposts
-- ------------------------------------------------------
-- Server version	5.7.13-log

/*!40101 SET @OLD_CHARACTER_SET_CLIENT=@@CHARACTER_SET_CLIENT */;
/*!40101 SET @OLD_CHARACTER_SET_RESULTS=@@CHARACTER_SET_RESULTS */;
/*!40101 SET @OLD_COLLATION_CONNECTION=@@COLLATION_CONNECTION */;
/*!40101 SET NAMES utf8 */;
/*!40103 SET @OLD_TIME_ZONE=@@TIME_ZONE */;
/*!40103 SET TIME_ZONE='+00:00' */;
/*!40014 SET @OLD_UNIQUE_CHECKS=@@UNIQUE_CHECKS, UNIQUE_CHECKS=0 */;
/*!40014 SET @OLD_FOREIGN_KEY_CHECKS=@@FOREIGN_KEY_CHECKS, FOREIGN_KEY_CHECKS=0 */;
/*!40101 SET @OLD_SQL_MODE=@@SQL_MODE, SQL_MODE='NO_AUTO_VALUE_ON_ZERO' */;
/*!40111 SET @OLD_SQL_NOTES=@@SQL_NOTES, SQL_NOTES=0 */;

--
-- Table structure for table `authors`
--

DROP TABLE IF EXISTS `authors`;
/*!40101 SET @saved_cs_client     = @@character_set_client */;
/*!40101 SET character_set_client = utf8 */;
CREATE TABLE `authors` (
  `id` int(11) NOT NULL,
  `age` int(11) DEFAULT NULL,
  `name` varchar(90) DEFAULT NULL,
  `gender` varchar(45) DEFAULT NULL,
  `location` varchar(45) DEFAULT NULL,
  `influence` double DEFAULT NULL,
  `comments` int(11) DEFAULT NULL,
  `likes` int(11) DEFAULT NULL,
  `views` int(11) DEFAULT NULL,
  PRIMARY KEY (`id`)
) ENGINE=InnoDB DEFAULT CHARSET=utf8;
/*!40101 SET character_set_client = @saved_cs_client */;

--
-- Dumping data for table `authors`
--

LOCK TABLES `authors` WRITE;
/*!40000 ALTER TABLE `authors` DISABLE KEYS */;
INSERT INTO `authors` VALUES (1,25,'Ana','FEMALE','Centro',0.7879363636363635,21,10,20),(2,24,'Guilherme','MALE','Centro',0.7879363636363635,21,10,20),(3,21,'Maria','FEMALE','Norte',1.575872727272727,20,10,20),(4,24,'flavio','MALE','Sul',1.575872727272727,20,10,20),(5,20,'tttt','MALE','Centro',1.575872727272727,20,10,20),(6,20,'pedro','MALE','Sul',1.575872727272727,20,10,20);
/*!40000 ALTER TABLE `authors` ENABLE KEYS */;
UNLOCK TABLES;

--
-- Table structure for table `general`
--

DROP TABLE IF EXISTS `general`;
/*!40101 SET @saved_cs_client     = @@character_set_client */;
/*!40101 SET character_set_client = utf8 */;
CREATE TABLE `general` (
  `totalposts` int(11) DEFAULT NULL,
  `totallikes` int(11) DEFAULT NULL,
  `totalcomments` int(11) DEFAULT NULL,
  `totalviews` int(11) DEFAULT NULL,
  `lastupdated` date DEFAULT NULL
) ENGINE=InnoDB DEFAULT CHARSET=utf8;
/*!40101 SET character_set_client = @saved_cs_client */;

--
-- Dumping data for table `general`
--

LOCK TABLES `general` WRITE;
/*!40000 ALTER TABLE `general` DISABLE KEYS */;
/*!40000 ALTER TABLE `general` ENABLE KEYS */;
UNLOCK TABLES;

--
-- Table structure for table `opinions`
--

DROP TABLE IF EXISTS `opinions`;
/*!40101 SET @saved_cs_client     = @@character_set_client */;
/*!40101 SET character_set_client = utf8 */;
CREATE TABLE `opinions` (
  `id` int(11) NOT NULL,
  `reach` double DEFAULT NULL,
  `polarity` double DEFAULT NULL,
  `total_inf` double DEFAULT NULL,
  `authors_id` int(11) NOT NULL,
  `timestamp` date DEFAULT NULL,
  `tag_id` varchar(45) NOT NULL,
  PRIMARY KEY (`id`,`authors_id`),
  UNIQUE KEY `id_UNIQUE` (`id`),
  KEY `fk_opinions_authors_idx` (`authors_id`),
  CONSTRAINT `fk_opinions_authors` FOREIGN KEY (`authors_id`) REFERENCES `authors` (`id`) ON DELETE NO ACTION ON UPDATE NO ACTION
) ENGINE=InnoDB DEFAULT CHARSET=utf8;
/*!40101 SET character_set_client = @saved_cs_client */;

--
-- Dumping data for table `opinions`
--

LOCK TABLES `opinions` WRITE;
/*!40000 ALTER TABLE `opinions` DISABLE KEYS */;
INSERT INTO `opinions` VALUES (1,1.575872727272727,52.848484848484844,26.001899999999996,1,'2016-07-05',''),(7,0.7120636363636363,50,1.575872727272727,3,'2016-07-05',''),(13,0.7120636363636363,50,1.575872727272727,2,'2016-07-05','');
/*!40000 ALTER TABLE `opinions` ENABLE KEYS */;
UNLOCK TABLES;

--
-- Table structure for table `post`
--

DROP TABLE IF EXISTS `post`;
/*!40101 SET @saved_cs_client     = @@character_set_client */;
/*!40101 SET character_set_client = utf8 */;
CREATE TABLE `post` (
  `id` int(11) NOT NULL AUTO_INCREMENT,
  `MESSAGE` longtext,
  `timestamp` datetime DEFAULT NULL,
  `likes` int(11) DEFAULT NULL,
  `views` int(11) DEFAULT NULL,
  `user_id` int(11) DEFAULT NULL,
  `post_id` int(11) DEFAULT NULL,
  PRIMARY KEY (`id`),
  UNIQUE KEY `id_UNIQUE` (`id`)
) ENGINE=InnoDB AUTO_INCREMENT=1101 DEFAULT CHARSET=utf8;
/*!40101 SET character_set_client = @saved_cs_client */;

--
-- Dumping data for table `post`
--

LOCK TABLES `post` WRITE;
/*!40000 ALTER TABLE `post` DISABLE KEYS */;
INSERT INTO `post` VALUES (1,'Tell me what you think of the new Airflow Sneakers from Nidas! I say decent! No?','2016-05-01 00:00:00',10,100,1,NULL),(2,'mediocre!','2016-05-04 14:24:00',10,100,65,1),(3,'I have these sneakers and I think they\'re bad!','2016-05-05 00:00:00',10,100,11,1),(4,'So good!','2016-05-05 09:36:00',10,100,74,1),(5,'I say dreadful! No?','2016-05-05 19:12:00',10,100,59,1),(6,'Hum, dreadful!','2016-05-06 04:48:00',10,100,70,1),(7,'I have these sneakers and I think they\'re horrendous!','2016-05-06 14:24:00',10,100,17,1),(8,'I have these sneakers and I think they\'re terrible!','2016-05-07 00:00:00',10,100,47,1),(9,'I say horrendous! No?','2016-05-07 09:36:00',10,100,22,1),(10,'Hum, decent!','2016-05-07 19:12:00',10,100,74,1),(11,'In a word: deficient!','2016-05-08 04:48:00',10,100,81,1),(12,'Have you tested the Nidas\' Airflow Sneakers? I have these sneakers and I think they\'re horrendous!','2016-05-04 14:24:00',10,100,2,NULL),(13,'I have these sneakers and I think they\'re limited!','2016-05-08 04:48:00',10,100,92,12),(14,'In a word: dreadful!','2016-05-08 14:24:00',10,100,75,12),(15,'In a word: bad!','2016-05-09 00:00:00',10,100,14,12),(16,'These sneakers are poor!','2016-05-09 09:36:00',10,100,78,12),(17,'horrendous!','2016-05-09 19:12:00',10,100,64,12),(18,'deficient!','2016-05-10 04:48:00',10,100,90,12),(19,'I say horrendous! No?','2016-05-10 14:24:00',10,100,53,12),(20,'These are horrendous sneakers!','2016-05-11 00:00:00',10,100,19,12),(21,'...inferior sneakers!','2016-05-11 09:36:00',10,100,50,12),(22,'These sneakers are decent!','2016-05-11 19:12:00',10,100,93,12),(23,'Check the new Airflow Sneakers from Nidas! So weak!','2016-05-08 04:48:00',10,100,3,NULL),(24,'So horrendous!','2016-05-11 19:12:00',10,100,56,23),(25,'...weak sneakers!','2016-05-12 04:48:00',10,100,88,23),(26,'What a weak sneakers!','2016-05-12 14:24:00',10,100,92,23),(27,'I say inferior! No?','2016-05-13 00:00:00',10,100,90,23),(28,'...limited sneakers!','2016-05-13 09:36:00',10,100,99,23),(29,'In a word: horrendous!','2016-05-13 19:12:00',10,100,64,23),(30,'In a word: horrendous!','2016-05-14 04:48:00',10,100,27,23),(31,'Hum, inferior!','2016-05-14 14:24:00',10,100,84,23),(32,'What a poor sneakers!','2016-05-15 00:00:00',10,100,9,23),(33,'So weak!','2016-05-15 09:36:00',10,100,77,23),(34,'Tell me what you think of the new Airflow Sneakers from Nidas! Hum, horrendous!','2016-05-11 19:12:00',10,100,4,NULL),(35,'These are horrendous sneakers!','2016-05-15 09:36:00',10,100,39,34),(36,'What a fair sneakers!','2016-05-15 19:12:00',10,100,28,34),(37,'I have these sneakers and I think they\'re horrendous!','2016-05-16 04:48:00',10,100,17,34),(38,'So horrendous!','2016-05-16 14:24:00',10,100,8,34),(39,'What a horrendous sneakers!','2016-05-17 00:00:00',10,100,62,34),(40,'...horrendous sneakers!','2016-05-17 09:36:00',10,100,57,34),(41,'I have these sneakers and I think they\'re inferior!','2016-05-17 19:12:00',10,100,90,34),(42,'...deficient sneakers!','2016-05-18 04:48:00',10,100,49,34),(43,'I say deficient! No?','2016-05-18 14:24:00',10,100,44,34),(44,'I have these sneakers and I think they\'re horrendous!','2016-05-19 00:00:00',10,100,16,34),(45,'Check the new Airflow Sneakers from Nidas! These sneakers are mediocre!','2016-05-15 09:36:00',10,100,5,NULL),(46,'These sneakers are horrendous!','2016-05-19 00:00:00',10,100,20,45),(47,'horrendous!','2016-05-19 09:36:00',10,100,79,45),(48,'I say dreadful! No?','2016-05-19 19:12:00',10,100,6,45),(49,'These sneakers are horrendous!','2016-05-20 04:48:00',10,100,51,45),(50,'...horrendous sneakers!','2016-05-20 14:24:00',10,100,69,45),(51,'I say dreadful! No?','2016-05-21 00:00:00',10,100,75,45),(52,'Hum, deficient!','2016-05-21 09:36:00',10,100,26,45),(53,'In a word: horrendous!','2016-05-21 19:12:00',10,100,30,45),(54,'Hum, inferior!','2016-05-22 04:48:00',10,100,25,45),(55,'So horrendous!','2016-05-22 14:24:00',10,100,24,45),(56,'Check the new Airflow Sneakers from Nidas! ...dreadful sneakers!','2016-05-19 00:00:00',10,100,1,NULL),(57,'In a word: poor!','2016-05-22 14:24:00',10,100,31,56),(58,'I say horrendous! No?','2016-05-23 00:00:00',10,100,100,56),(59,'In a word: limited!','2016-05-23 09:36:00',10,100,96,56),(60,'weak!','2016-05-23 19:12:00',10,100,58,56),(61,'...horrendous sneakers!','2016-05-24 04:48:00',10,100,69,56),(62,'I say inferior! No?','2016-05-24 14:24:00',10,100,25,56),(63,'These sneakers are horrendous!','2016-05-25 00:00:00',10,100,24,56),(64,'I say poor! No?','2016-05-25 09:36:00',10,100,26,56),(65,'So bad!','2016-05-25 19:12:00',10,100,94,56),(66,'In a word: mediocre!','2016-05-26 04:48:00',10,100,63,56),(67,'Airflow Sneakers from Nidas! Any comments?I say horrendous! No?','2016-05-22 14:24:00',10,100,2,NULL),(68,'These sneakers are horrendous!','2016-05-26 04:48:00',10,100,6,67),(69,'horrendous!','2016-05-26 14:24:00',10,100,56,67),(70,'horrendous!','2016-05-27 00:00:00',10,100,79,67),(71,'I say dreadful! No?','2016-05-27 09:36:00',10,100,75,67),(72,'What a limited sneakers!','2016-05-27 19:12:00',10,100,89,67),(73,'horrendous!','2016-05-28 04:48:00',10,100,41,67),(74,'So horrendous!','2016-05-28 14:24:00',10,100,32,67),(75,'These sneakers are awful!','2016-05-29 00:00:00',10,100,97,67),(76,'So horrendous!','2016-05-29 09:36:00',10,100,55,67),(77,'I say deficient! No?','2016-05-29 19:12:00',10,100,61,67),(78,'Tell me what you think of the new Airflow Sneakers from Nidas! Hum, horrendous!','2016-05-26 04:48:00',10,100,3,NULL),(79,'...horrendous sneakers!','2016-05-29 19:12:00',10,100,20,78),(80,'What a horrendous sneakers!','2016-05-30 04:48:00',10,100,7,78),(81,'I say awful! No?','2016-05-30 14:24:00',10,100,48,78),(82,'...horrendous sneakers!','2016-05-31 00:00:00',10,100,43,78),(83,'...awful sneakers!','2016-05-31 09:36:00',10,100,78,78),(84,'I have these sneakers and I think they\'re horrendous!','2016-05-31 19:12:00',10,100,56,78),(85,'What a terrible sneakers!','2016-06-01 04:48:00',10,100,68,78),(86,'What a awful sneakers!','2016-06-01 14:24:00',10,100,14,78),(87,'Hum, terrible!','2016-06-02 00:00:00',10,100,91,78),(88,'What a horrendous sneakers!','2016-06-02 09:36:00',10,100,79,78),(89,'Airflow Sneakers from Nidas! Any comments?...bad sneakers!','2016-05-29 19:12:00',10,100,4,NULL),(90,'In a word: inferior!','2016-06-02 09:36:00',10,100,76,89),(91,'These are dreadful sneakers!','2016-06-02 19:12:00',10,100,91,89),(92,'What a awful sneakers!','2016-06-03 04:48:00',10,100,14,89),(93,'So poor!','2016-06-03 14:24:00',10,100,65,89),(94,'I have these sneakers and I think they\'re weak!','2016-06-04 00:00:00',10,100,15,89),(95,'What a inferior sneakers!','2016-06-04 09:36:00',10,100,99,89),(96,'What a poor sneakers!','2016-06-04 19:12:00',10,100,13,89),(97,'These are deficient sneakers!','2016-06-05 04:48:00',10,100,89,89),(98,'I have these sneakers and I think they\'re poor!','2016-06-05 14:24:00',10,100,21,89),(99,'Hum, horrendous!','2016-06-06 00:00:00',10,100,19,89),(100,'Tell me what you think of the new Airflow Sneakers from Nidas! In a word: poor!','2016-06-02 09:36:00',10,100,5,NULL),(101,'horrendous!','2016-06-06 00:00:00',10,100,71,100),(102,'These are poor sneakers!','2016-06-06 09:36:00',10,100,40,100),(103,'I say poor! No?','2016-06-06 19:12:00',10,100,54,100),(104,'These are horrendous sneakers!','2016-06-07 04:48:00',10,100,86,100),(105,'So horrendous!','2016-06-07 14:24:00',10,100,57,100),(106,'...horrendous sneakers!','2016-06-08 00:00:00',10,100,56,100),(107,'These sneakers are deficient!','2016-06-08 09:36:00',10,100,74,100),(108,'Hum, horrendous!','2016-06-08 19:12:00',10,100,7,100),(109,'...dreadful sneakers!','2016-06-09 04:48:00',10,100,32,100),(110,'Hum, bad!','2016-06-09 14:24:00',10,100,80,100),(111,'Have you tested the Nidas\' Airflow Sneakers? I have these sneakers and I think they\'re terrible!','2016-06-06 00:00:00',10,100,1,NULL),(112,'I have these sneakers and I think they\'re deficient!','2016-06-09 14:24:00',10,100,76,111),(113,'So bad!','2016-06-10 00:00:00',10,100,26,111),(114,'These are horrendous sneakers!','2016-06-10 09:36:00',10,100,68,111),(115,'I say poor! No?','2016-06-10 19:12:00',10,100,82,111),(116,'These sneakers are horrendous!','2016-06-11 04:48:00',10,100,24,111),(117,'I say horrendous! No?','2016-06-11 14:24:00',10,100,51,111),(118,'Hum, horrendous!','2016-06-12 00:00:00',10,100,23,111),(119,'...awful sneakers!','2016-06-12 09:36:00',10,100,50,111),(120,'What a horrendous sneakers!','2016-06-12 19:12:00',10,100,87,111),(121,'I say dreadful! No?','2016-06-13 04:48:00',10,100,75,111),(122,'Nidas launched the new Airflow Sneakers! I say poor! No?','2016-06-09 14:24:00',10,100,2,NULL),(123,'These are horrendous sneakers!','2016-06-13 04:48:00',10,100,35,122),(124,'These sneakers are horrendous!','2016-06-13 14:24:00',10,100,45,122),(125,'These sneakers are bad!','2016-06-14 00:00:00',10,100,61,122),(126,'What a bad sneakers!','2016-06-14 09:36:00',10,100,26,122),(127,'I say horrendous! No?','2016-06-14 19:12:00',10,100,73,122),(128,'In a word: horrendous!','2016-06-15 04:48:00',10,100,24,122),(129,'I have these sneakers and I think they\'re horrendous!','2016-06-15 14:24:00',10,100,42,122),(130,'I have these sneakers and I think they\'re horrendous!','2016-06-16 00:00:00',10,100,6,122),(131,'So horrendous!','2016-06-16 09:36:00',10,100,53,122),(132,'...bad sneakers!','2016-06-16 19:12:00',10,100,26,122),(133,'Airflow Sneakers from Nidas! Any comments?In a word: bad!','2016-06-13 04:48:00',10,100,3,NULL),(134,'These are dreadful sneakers!','2016-06-16 19:12:00',10,100,78,133),(135,'In a word: horrendous!','2016-06-17 04:48:00',10,100,57,133),(136,'horrendous!','2016-06-17 14:24:00',10,100,70,133),(137,'I have these sneakers and I think they\'re poor!','2016-06-18 00:00:00',10,100,99,133),(138,'These sneakers are awful!','2016-06-18 09:36:00',10,100,50,133),(139,'So horrendous!','2016-06-18 19:12:00',10,100,86,133),(140,'I say terrible! No?','2016-06-19 04:48:00',10,100,31,133),(141,'These sneakers are horrendous!','2016-06-19 14:24:00',10,100,51,133),(142,'...horrendous sneakers!','2016-06-20 00:00:00',10,100,69,133),(143,'Hum, awful!','2016-06-20 09:36:00',10,100,49,133),(144,'Tell me what you think of the new Airflow Sneakers from Nidas! ...terrible sneakers!','2016-06-16 19:12:00',10,100,4,NULL),(145,'horrendous!','2016-06-20 09:36:00',10,100,32,144),(146,'Hum, horrendous!','2016-06-20 19:12:00',10,100,32,144),(147,'inferior!','2016-06-21 04:48:00',10,100,96,144),(148,'Hum, poor!','2016-06-21 14:24:00',10,100,58,144),(149,'...terrible sneakers!','2016-06-22 00:00:00',10,100,9,144),(150,'So terrible!','2016-06-22 09:36:00',10,100,94,144),(151,'...terrible sneakers!','2016-06-22 19:12:00',10,100,80,144),(152,'I have these sneakers and I think they\'re horrendous!','2016-06-23 04:48:00',10,100,91,144),(153,'These are poor sneakers!','2016-06-23 14:24:00',10,100,58,144),(154,'I have these sneakers and I think they\'re awful!','2016-06-24 00:00:00',10,100,37,144),(155,'Airflow Sneakers from Nidas! Any comments?I have these sneakers and I think they\'re poor!','2016-06-20 09:36:00',10,100,5,NULL),(156,'I say inferior! No?','2016-06-24 00:00:00',10,100,46,155),(157,'In a word: dreadful!','2016-06-24 09:36:00',10,100,97,155),(158,'Hum, poor!','2016-06-24 19:12:00',10,100,28,155),(159,'What a bad sneakers!','2016-06-25 04:48:00',10,100,88,155),(160,'bad!','2016-06-25 14:24:00',10,100,40,155),(161,'These sneakers are horrendous!','2016-06-26 00:00:00',10,100,42,155),(162,'I have these sneakers and I think they\'re horrendous!','2016-06-26 09:36:00',10,100,87,155),(163,'dreadful!','2016-06-26 19:12:00',10,100,67,155),(164,'What a horrendous sneakers!','2016-06-27 04:48:00',10,100,71,155),(165,'These are bad sneakers!','2016-06-27 14:24:00',10,100,15,155),(166,'Nidas launched the new Airflow Sneakers! horrendous!','2016-06-24 00:00:00',10,100,1,NULL),(167,'These sneakers are bad!','2016-06-27 14:24:00',10,100,99,166),(168,'These are poor sneakers!','2016-06-28 00:00:00',10,100,34,166),(169,'...horrendous sneakers!','2016-06-28 09:36:00',10,100,71,166),(170,'I say inferior! No?','2016-06-28 19:12:00',10,100,74,166),(171,'These sneakers are horrendous!','2016-06-29 04:48:00',10,100,60,166),(172,'I say bad! No?','2016-06-29 14:24:00',10,100,74,166),(173,'These are dreadful sneakers!','2016-06-30 00:00:00',10,100,11,166),(174,'I have these sneakers and I think they\'re horrendous!','2016-06-30 09:36:00',10,100,47,166),(175,'These are bad sneakers!','2016-06-30 19:12:00',10,100,49,166),(176,'These sneakers are horrendous!','2016-07-01 04:48:00',10,100,8,166),(177,'Nidas launched the new Airflow Sneakers! horrendous!','2016-06-27 14:24:00',10,100,2,NULL),(178,'So horrendous!','2016-07-01 04:48:00',10,100,53,177),(179,'Hum, horrendous!','2016-07-01 14:24:00',10,100,39,177),(180,'I have these sneakers and I think they\'re horrendous!','2016-07-02 00:00:00',10,100,69,177),(181,'So horrendous!','2016-07-02 09:36:00',10,100,32,177),(182,'I have these sneakers and I think they\'re dreadful!','2016-07-02 19:12:00',10,100,97,177),(183,'...bad sneakers!','2016-07-03 04:48:00',10,100,40,177),(184,'...inferior sneakers!','2016-07-03 14:24:00',10,100,28,177),(185,'...dreadful sneakers!','2016-07-04 00:00:00',10,100,75,177),(186,'What a horrendous sneakers!','2016-07-04 09:36:00',10,100,19,177),(187,'What a terrible sneakers!','2016-07-04 19:12:00',10,100,14,177),(188,'Airflow Sneakers from Nidas! Any comments?I have these sneakers and I think they\'re horrendous!','2016-07-01 04:48:00',10,100,3,NULL),(189,'What a horrendous sneakers!','2016-07-04 19:12:00',10,100,43,188),(190,'So horrendous!','2016-07-05 04:48:00',10,100,70,188),(191,'Hum, horrendous!','2016-07-05 14:24:00',10,100,7,188),(192,'Hum, horrendous!','2016-07-06 00:00:00',10,100,94,188),(193,'I have these sneakers and I think they\'re horrendous!','2016-07-06 09:36:00',10,100,27,188),(194,'Hum, horrendous!','2016-07-06 19:12:00',10,100,24,188),(195,'So bad!','2016-07-07 04:48:00',10,100,46,188),(196,'These are horrendous sneakers!','2016-07-07 14:24:00',10,100,55,188),(197,'So awful!','2016-07-08 00:00:00',10,100,40,188),(198,'Hum, awful!','2016-07-08 09:36:00',10,100,37,188),(199,'Tell me what you think of the new Airflow Sneakers from Nidas! I have these sneakers and I think they\'re dreadful!','2016-07-04 19:12:00',10,100,4,NULL),(200,'horrendous!','2016-07-08 09:36:00',10,100,51,199),(201,'What a horrendous sneakers!','2016-07-08 19:12:00',10,100,27,199),(202,'What a horrendous sneakers!','2016-07-09 04:48:00',10,100,87,199),(203,'In a word: dreadful!','2016-07-09 14:24:00',10,100,91,199),(204,'These are awful sneakers!','2016-07-10 00:00:00',10,100,21,199),(205,'What a horrendous sneakers!','2016-07-10 09:36:00',10,100,69,199),(206,'These sneakers are horrendous!','2016-07-10 19:12:00',10,100,29,199),(207,'These are horrendous sneakers!','2016-07-11 04:48:00',10,100,22,199),(208,'Hum, awful!','2016-07-11 14:24:00',10,100,26,199),(209,'I say dreadful! No?','2016-07-12 00:00:00',10,100,26,199),(210,'Check the new Airflow Sneakers from Nidas! horrendous!','2016-07-08 09:36:00',10,100,5,NULL),(211,'These are awful sneakers!','2016-07-12 00:00:00',10,100,92,210),(212,'These are horrendous sneakers!','2016-07-12 09:36:00',10,100,69,210),(213,'What a horrendous sneakers!','2016-07-12 19:12:00',10,100,52,210),(214,'These sneakers are horrendous!','2016-07-13 04:48:00',10,100,66,210),(215,'What a horrendous sneakers!','2016-07-13 14:24:00',10,100,16,210),(216,'What a awful sneakers!','2016-07-14 00:00:00',10,100,99,210),(217,'These are horrendous sneakers!','2016-07-14 09:36:00',10,100,62,210),(218,'horrendous!','2016-07-14 19:12:00',10,100,53,210),(219,'In a word: bad!','2016-07-15 04:48:00',10,100,15,210),(220,'...horrendous sneakers!','2016-07-15 14:24:00',10,100,19,210),(221,'Tell me what you think of the new Airflow Sneakers from Nidas! terrible!','2016-07-12 00:00:00',10,100,1,NULL),(222,'In a word: horrendous!','2016-07-15 14:24:00',10,100,42,221),(223,'I have these sneakers and I think they\'re awful!','2016-07-16 00:00:00',10,100,81,221),(224,'awful!','2016-07-16 09:36:00',10,100,34,221),(225,'I say horrendous! No?','2016-07-16 19:12:00',10,100,41,221),(226,'What a horrendous sneakers!','2016-07-17 04:48:00',10,100,79,221),(227,'These are horrendous sneakers!','2016-07-17 14:24:00',10,100,45,221),(228,'...awful sneakers!','2016-07-18 00:00:00',10,100,93,221),(229,'...dreadful sneakers!','2016-07-18 09:36:00',10,100,31,221),(230,'I say dreadful! No?','2016-07-18 19:12:00',10,100,37,221),(231,'I say horrendous! No?','2016-07-19 04:48:00',10,100,56,221),(232,'Airflow Sneakers from Nidas! Any comments?What a horrendous sneakers!','2016-07-15 14:24:00',10,100,2,NULL),(233,'I have these sneakers and I think they\'re horrendous!','2016-07-19 04:48:00',10,100,64,232),(234,'I have these sneakers and I think they\'re horrendous!','2016-07-19 14:24:00',10,100,91,232),(235,'In a word: horrendous!','2016-07-20 00:00:00',10,100,86,232),(236,'Hum, horrendous!','2016-07-20 09:36:00',10,100,7,232),(237,'horrendous!','2016-07-20 19:12:00',10,100,75,232),(238,'I have these sneakers and I think they\'re terrible!','2016-07-21 04:48:00',10,100,77,232),(239,'...horrendous sneakers!','2016-07-21 14:24:00',10,100,20,232),(240,'These sneakers are dreadful!','2016-07-22 00:00:00',10,100,19,232),(241,'I say awful! No?','2016-07-22 09:36:00',10,100,81,232),(242,'In a word: horrendous!','2016-07-22 19:12:00',10,100,57,232),(243,'Nidas launched the new Airflow Sneakers! These are horrendous sneakers!','2016-07-19 04:48:00',10,100,3,NULL),(244,'These sneakers are horrendous!','2016-07-22 19:12:00',10,100,36,243),(245,'These sneakers are horrendous!','2016-07-23 04:48:00',10,100,56,243),(246,'I have these sneakers and I think they\'re dreadful!','2016-07-23 14:24:00',10,100,47,243),(247,'So terrible!','2016-07-24 00:00:00',10,100,54,243),(248,'Hum, horrendous!','2016-07-24 09:36:00',10,100,42,243),(249,'These sneakers are bad!','2016-07-24 19:12:00',10,100,63,243),(250,'These are dreadful sneakers!','2016-07-25 04:48:00',10,100,48,243),(251,'I have these sneakers and I think they\'re awful!','2016-07-25 14:24:00',10,100,77,243),(252,'In a word: terrible!','2016-07-26 00:00:00',10,100,21,243),(253,'Hum, horrendous!','2016-07-26 09:36:00',10,100,27,243),(254,'Nidas launched the new Airflow Sneakers! I say horrendous! No?','2016-07-22 19:12:00',10,100,4,NULL),(255,'I have these sneakers and I think they\'re horrendous!','2016-07-26 09:36:00',10,100,73,254),(256,'I say horrendous! No?','2016-07-26 19:12:00',10,100,45,254),(257,'What a horrendous sneakers!','2016-07-27 04:48:00',10,100,52,254),(258,'These are horrendous sneakers!','2016-07-27 14:24:00',10,100,8,254),(259,'I have these sneakers and I think they\'re terrible!','2016-07-28 00:00:00',10,100,26,254),(260,'These sneakers are horrendous!','2016-07-28 09:36:00',10,100,62,254),(261,'I have these sneakers and I think they\'re terrible!','2016-07-28 19:12:00',10,100,82,254),(262,'In a word: horrendous!','2016-07-29 04:48:00',10,100,71,254),(263,'I have these sneakers and I think they\'re terrible!','2016-07-29 14:24:00',10,100,54,254),(264,'So horrendous!','2016-07-30 00:00:00',10,100,33,254),(265,'Nidas launched the new Airflow Sneakers! ...terrible sneakers!','2016-07-26 09:36:00',10,100,5,NULL),(266,'I have these sneakers and I think they\'re horrendous!','2016-07-30 00:00:00',10,100,56,265),(267,'Hum, terrible!','2016-07-30 09:36:00',10,100,21,265),(268,'Hum, horrendous!','2016-07-30 19:12:00',10,100,7,265),(269,'In a word: horrendous!','2016-07-31 04:48:00',10,100,24,265),(270,'What a horrendous sneakers!','2016-07-31 14:24:00',10,100,69,265),(271,'Hum, terrible!','2016-08-01 00:00:00',10,100,92,265),(272,'These are terrible sneakers!','2016-08-01 09:36:00',10,100,38,265),(273,'horrendous!','2016-08-01 19:12:00',10,100,17,265),(274,'...horrendous sneakers!','2016-08-02 04:48:00',10,100,91,265),(275,'Hum, horrendous!','2016-08-02 14:24:00',10,100,86,265),(276,'Tell me what you think of the new Airflow Sneakers from Nidas! Hum, awful!','2016-07-30 00:00:00',10,100,1,NULL),(277,'What a horrendous sneakers!','2016-08-02 14:24:00',10,100,69,276),(278,'In a word: bad!','2016-08-03 00:00:00',10,100,58,276),(279,'These sneakers are horrendous!','2016-08-03 09:36:00',10,100,45,276),(280,'What a horrendous sneakers!','2016-08-03 19:12:00',10,100,29,276),(281,'I have these sneakers and I think they\'re dreadful!','2016-08-04 04:48:00',10,100,97,276),(282,'What a horrendous sneakers!','2016-08-04 14:24:00',10,100,19,276),(283,'These sneakers are awful!','2016-08-05 00:00:00',10,100,96,276),(284,'...horrendous sneakers!','2016-08-05 09:36:00',10,100,45,276),(285,'Hum, horrendous!','2016-08-05 19:12:00',10,100,95,276),(286,'In a word: horrendous!','2016-08-06 04:48:00',10,100,39,276),(287,'Airflow Sneakers from Nidas! Any comments?So horrendous!','2016-08-02 14:24:00',10,100,2,NULL),(288,'In a word: horrendous!','2016-08-06 04:48:00',10,100,29,287),(289,'horrendous!','2016-08-06 14:24:00',10,100,56,287),(290,'What a dreadful sneakers!','2016-08-07 00:00:00',10,100,68,287),(291,'...terrible sneakers!','2016-08-07 09:36:00',10,100,13,287),(292,'I have these sneakers and I think they\'re horrendous!','2016-08-07 19:12:00',10,100,91,287),(293,'These sneakers are horrendous!','2016-08-08 04:48:00',10,100,75,287),(294,'These sneakers are terrible!','2016-08-08 14:24:00',10,100,10,287),(295,'These are horrendous sneakers!','2016-08-09 00:00:00',10,100,66,287),(296,'terrible!','2016-08-09 09:36:00',10,100,54,287),(297,'horrendous!','2016-08-09 19:12:00',10,100,30,287),(298,'Airflow Sneakers from Nidas! Any comments?Hum, bad!','2016-08-06 04:48:00',10,100,3,NULL),(299,'...horrendous sneakers!','2016-08-09 19:12:00',10,100,43,298),(300,'Hum, dreadful!','2016-08-10 04:48:00',10,100,50,298),(301,'...terrible sneakers!','2016-08-10 14:24:00',10,100,89,298),(302,'horrendous!','2016-08-11 00:00:00',10,100,20,298),(303,'...terrible sneakers!','2016-08-11 09:36:00',10,100,99,298),(304,'I have these sneakers and I think they\'re terrible!','2016-08-11 19:12:00',10,100,10,298),(305,'What a terrible sneakers!','2016-08-12 04:48:00',10,100,26,298),(306,'In a word: horrendous!','2016-08-12 14:24:00',10,100,87,298),(307,'What a horrendous sneakers!','2016-08-13 00:00:00',10,100,41,298),(308,'Hum, terrible!','2016-08-13 09:36:00',10,100,58,298),(309,'Have you tested the Nidas\' Airflow Sneakers? These are horrendous sneakers!','2016-08-09 19:12:00',10,100,4,NULL),(310,'...horrendous sneakers!','2016-08-13 09:36:00',10,100,23,309),(311,'...horrendous sneakers!','2016-08-13 19:12:00',10,100,24,309),(312,'I have these sneakers and I think they\'re horrendous!','2016-08-14 04:48:00',10,100,66,309),(313,'So bad!','2016-08-14 14:24:00',10,100,93,309),(314,'horrendous!','2016-08-15 00:00:00',10,100,24,309),(315,'These sneakers are dreadful!','2016-08-15 09:36:00',10,100,49,309),(316,'What a horrendous sneakers!','2016-08-15 19:12:00',10,100,23,309),(317,'Hum, horrendous!','2016-08-16 04:48:00',10,100,39,309),(318,'Hum, horrendous!','2016-08-16 14:24:00',10,100,16,309),(319,'So awful!','2016-08-17 00:00:00',10,100,10,309),(320,'Check the new Airflow Sneakers from Nidas! In a word: horrendous!','2016-08-13 09:36:00',10,100,5,NULL),(321,'I have these sneakers and I think they\'re horrendous!','2016-08-17 00:00:00',10,100,45,320),(322,'What a horrendous sneakers!','2016-08-17 09:36:00',10,100,91,320),(323,'These sneakers are horrendous!','2016-08-17 19:12:00',10,100,24,320),(324,'What a horrendous sneakers!','2016-08-18 04:48:00',10,100,64,320),(325,'I say terrible! No?','2016-08-18 14:24:00',10,100,81,320),(326,'These are horrendous sneakers!','2016-08-19 00:00:00',10,100,42,320),(327,'So bad!','2016-08-19 09:36:00',10,100,46,320),(328,'terrible!','2016-08-19 19:12:00',10,100,54,320),(329,'I have these sneakers and I think they\'re horrendous!','2016-08-20 04:48:00',10,100,62,320),(330,'These are dreadful sneakers!','2016-08-20 14:24:00',10,100,81,320),(331,'Have you tested the Nidas\' Airflow Sneakers? So terrible!','2016-08-17 00:00:00',10,100,1,NULL),(332,'These are terrible sneakers!','2016-08-20 14:24:00',10,100,96,331),(333,'So horrendous!','2016-08-21 00:00:00',10,100,6,331),(334,'I say awful! No?','2016-08-21 09:36:00',10,100,40,331),(335,'...horrendous sneakers!','2016-08-21 19:12:00',10,100,71,331),(336,'I have these sneakers and I think they\'re horrendous!','2016-08-22 04:48:00',10,100,75,331),(337,'Hum, awful!','2016-08-22 14:24:00',10,100,82,331),(338,'I have these sneakers and I think they\'re awful!','2016-08-23 00:00:00',10,100,58,331),(339,'...horrendous sneakers!','2016-08-23 09:36:00',10,100,36,331),(340,'What a terrible sneakers!','2016-08-23 19:12:00',10,100,92,331),(341,'So dreadful!','2016-08-24 04:48:00',10,100,14,331),(342,'Nidas launched the new Airflow Sneakers! I have these sneakers and I think they\'re horrendous!','2016-08-20 14:24:00',10,100,2,NULL),(343,'What a horrendous sneakers!','2016-08-24 04:48:00',10,100,57,342),(344,'These sneakers are dreadful!','2016-08-24 14:24:00',10,100,11,342),(345,'terrible!','2016-08-25 00:00:00',10,100,54,342),(346,'I have these sneakers and I think they\'re horrendous!','2016-08-25 09:36:00',10,100,35,342),(347,'Hum, dreadful!','2016-08-25 19:12:00',10,100,78,342),(348,'I say terrible! No?','2016-08-26 04:48:00',10,100,61,342),(349,'These sneakers are horrendous!','2016-08-26 14:24:00',10,100,95,342),(350,'I have these sneakers and I think they\'re dreadful!','2016-08-27 00:00:00',10,100,9,342),(351,'So horrendous!','2016-08-27 09:36:00',10,100,24,342),(352,'These are horrendous sneakers!','2016-08-27 19:12:00',10,100,69,342),(353,'Check the new Airflow Sneakers from Nidas! ...horrendous sneakers!','2016-08-24 04:48:00',10,100,3,NULL),(354,'In a word: horrendous!','2016-08-27 19:12:00',10,100,30,353),(355,'horrendous!','2016-08-28 04:48:00',10,100,45,353),(356,'Hum, horrendous!','2016-08-28 14:24:00',10,100,17,353),(357,'Hum, horrendous!','2016-08-29 00:00:00',10,100,55,353),(358,'I have these sneakers and I think they\'re horrendous!','2016-08-29 09:36:00',10,100,51,353),(359,'These are terrible sneakers!','2016-08-29 19:12:00',10,100,83,353),(360,'awful!','2016-08-30 04:48:00',10,100,83,353),(361,'...terrible sneakers!','2016-08-30 14:24:00',10,100,94,353),(362,'I have these sneakers and I think they\'re horrendous!','2016-08-31 00:00:00',10,100,39,353),(363,'...dreadful sneakers!','2016-08-31 09:36:00',10,100,11,353),(364,'Have you tested the Nidas\' Airflow Sneakers? Hum, terrible!','2016-08-27 19:12:00',10,100,4,NULL),(365,'What a horrendous sneakers!','2016-08-31 09:36:00',10,100,59,364),(366,'I have these sneakers and I think they\'re horrendous!','2016-08-31 19:12:00',10,100,85,364),(367,'...horrendous sneakers!','2016-09-01 04:48:00',10,100,35,364),(368,'I have these sneakers and I think they\'re horrendous!','2016-09-01 14:24:00',10,100,56,364),(369,'These sneakers are horrendous!','2016-09-02 00:00:00',10,100,18,364),(370,'So horrendous!','2016-09-02 09:36:00',10,100,35,364),(371,'These are horrendous sneakers!','2016-09-02 19:12:00',10,100,72,364),(372,'These are horrendous sneakers!','2016-09-03 04:48:00',10,100,45,364),(373,'bad!','2016-09-03 14:24:00',10,100,74,364),(374,'In a word: horrendous!','2016-09-04 00:00:00',10,100,52,364),(375,'Have you tested the Nidas\' Airflow Sneakers? ...horrendous sneakers!','2016-08-31 09:36:00',10,100,5,NULL),(376,'I have these sneakers and I think they\'re horrendous!','2016-09-04 00:00:00',10,100,14,375),(377,'I say horrendous! No?','2016-09-04 09:36:00',10,100,60,375),(378,'I have these sneakers and I think they\'re horrendous!','2016-09-04 19:12:00',10,100,62,375),(379,'awful!','2016-09-05 04:48:00',10,100,15,375),(380,'I have these sneakers and I think they\'re horrendous!','2016-09-05 14:24:00',10,100,18,375),(381,'In a word: horrendous!','2016-09-06 00:00:00',10,100,36,375),(382,'...bad sneakers!','2016-09-06 09:36:00',10,100,58,375),(383,'So terrible!','2016-09-06 19:12:00',10,100,94,375),(384,'In a word: awful!','2016-09-07 04:48:00',10,100,44,375),(385,'horrendous!','2016-09-07 14:24:00',10,100,30,375),(386,'Nidas launched the new Airflow Sneakers! I have these sneakers and I think they\'re horrendous!','2016-09-04 00:00:00',10,100,1,NULL),(387,'These are horrendous sneakers!','2016-09-07 14:24:00',10,100,36,386),(388,'Hum, horrendous!','2016-09-08 00:00:00',10,100,18,386),(389,'These are horrendous sneakers!','2016-09-08 09:36:00',10,100,32,386),(390,'Hum, horrendous!','2016-09-08 19:12:00',10,100,43,386),(391,'In a word: horrendous!','2016-09-09 04:48:00',10,100,100,386),(392,'So terrible!','2016-09-09 14:24:00',10,100,94,386),(393,'Hum, terrible!','2016-09-10 00:00:00',10,100,25,386),(394,'These sneakers are horrendous!','2016-09-10 09:36:00',10,100,43,386),(395,'So horrendous!','2016-09-10 19:12:00',10,100,43,386),(396,'I have these sneakers and I think they\'re horrendous!','2016-09-11 04:48:00',10,100,43,386),(397,'Check the new Airflow Sneakers from Nidas! ...dreadful sneakers!','2016-09-07 14:24:00',10,100,2,NULL),(398,'So terrible!','2016-09-11 04:48:00',10,100,11,397),(399,'In a word: terrible!','2016-09-11 14:24:00',10,100,90,397),(400,'These are awful sneakers!','2016-09-12 00:00:00',10,100,77,397),(401,'...horrendous sneakers!','2016-09-12 09:36:00',10,100,97,397),(402,'What a awful sneakers!','2016-09-12 19:12:00',10,100,49,397),(403,'I have these sneakers and I think they\'re horrendous!','2016-09-13 04:48:00',10,100,30,397),(404,'So horrendous!','2016-09-13 14:24:00',10,100,98,397),(405,'So bad!','2016-09-14 00:00:00',10,100,12,397),(406,'Hum, horrendous!','2016-09-14 09:36:00',10,100,39,397),(407,'horrendous!','2016-09-14 19:12:00',10,100,68,397),(408,'Airflow Sneakers from Nidas! Any comments?These are awful sneakers!','2016-09-11 04:48:00',10,100,3,NULL),(409,'Hum, horrendous!','2016-09-14 19:12:00',10,100,79,408),(410,'These sneakers are horrendous!','2016-09-15 04:48:00',10,100,24,408),(411,'These are poor sneakers!','2016-09-15 14:24:00',10,100,46,408),(412,'I have these sneakers and I think they\'re terrible!','2016-09-16 00:00:00',10,100,11,408),(413,'These sneakers are dreadful!','2016-09-16 09:36:00',10,100,11,408),(414,'I have these sneakers and I think they\'re horrendous!','2016-09-16 19:12:00',10,100,32,408),(415,'horrendous!','2016-09-17 04:48:00',10,100,29,408),(416,'I say dreadful! No?','2016-09-17 14:24:00',10,100,11,408),(417,'So horrendous!','2016-09-18 00:00:00',10,100,60,408),(418,'I have these sneakers and I think they\'re awful!','2016-09-18 09:36:00',10,100,34,408),(419,'Check the new Airflow Sneakers from Nidas! horrendous!','2016-09-14 19:12:00',10,100,4,NULL),(420,'These sneakers are horrendous!','2016-09-18 09:36:00',10,100,7,419),(421,'So bad!','2016-09-18 19:12:00',10,100,28,419),(422,'These are horrendous sneakers!','2016-09-19 04:48:00',10,100,98,419),(423,'I say horrendous! No?','2016-09-19 14:24:00',10,100,64,419),(424,'These sneakers are horrendous!','2016-09-20 00:00:00',10,100,52,419),(425,'These sneakers are awful!','2016-09-20 09:36:00',10,100,61,419),(426,'horrendous!','2016-09-20 19:12:00',10,100,85,419),(427,'These sneakers are horrendous!','2016-09-21 04:48:00',10,100,59,419),(428,'These sneakers are horrendous!','2016-09-21 14:24:00',10,100,42,419),(429,'These sneakers are horrendous!','2016-09-22 00:00:00',10,100,36,419),(430,'Nidas launched the new Airflow Sneakers! So bad!','2016-09-18 09:36:00',10,100,5,NULL),(431,'So horrendous!','2016-09-22 00:00:00',10,100,42,430),(432,'I have these sneakers and I think they\'re horrendous!','2016-09-22 09:36:00',10,100,23,430),(433,'These are horrendous sneakers!','2016-09-22 19:12:00',10,100,71,430),(434,'These are bad sneakers!','2016-09-23 04:48:00',10,100,49,430),(435,'So horrendous!','2016-09-23 14:24:00',10,100,32,430),(436,'These are poor sneakers!','2016-09-24 00:00:00',10,100,76,430),(437,'In a word: terrible!','2016-09-24 09:36:00',10,100,10,430),(438,'What a terrible sneakers!','2016-09-24 19:12:00',10,100,26,430),(439,'So horrendous!','2016-09-25 04:48:00',10,100,57,430),(440,'So horrendous!','2016-09-25 14:24:00',10,100,53,430),(441,'Tell me what you think of the new Airflow Sneakers from Nidas! I have these sneakers and I think they\'re horrendous!','2016-09-22 00:00:00',10,100,1,NULL),(442,'Hum, horrendous!','2016-09-25 14:24:00',10,100,57,441),(443,'I say awful! No?','2016-09-26 00:00:00',10,100,38,441),(444,'I say dreadful! No?','2016-09-26 09:36:00',10,100,6,441),(445,'I say bad! No?','2016-09-26 19:12:00',10,100,83,441),(446,'These are horrendous sneakers!','2016-09-27 04:48:00',10,100,42,441),(447,'These are terrible sneakers!','2016-09-27 14:24:00',10,100,94,441),(448,'Hum, horrendous!','2016-09-28 00:00:00',10,100,60,441),(449,'These are poor sneakers!','2016-09-28 09:36:00',10,100,46,441),(450,'These are horrendous sneakers!','2016-09-28 19:12:00',10,100,70,441),(451,'What a dreadful sneakers!','2016-09-29 04:48:00',10,100,11,441),(452,'Tell me what you think of the new Airflow Sneakers from Nidas! horrendous!','2016-09-25 14:24:00',10,100,2,NULL),(453,'In a word: horrendous!','2016-09-29 04:48:00',10,100,35,452),(454,'So horrendous!','2016-09-29 14:24:00',10,100,30,452),(455,'I say horrendous! No?','2016-09-30 00:00:00',10,100,51,452),(456,'Hum, horrendous!','2016-09-30 09:36:00',10,100,86,452),(457,'I have these sneakers and I think they\'re terrible!','2016-09-30 19:12:00',10,100,49,452),(458,'These are horrendous sneakers!','2016-10-01 04:48:00',10,100,43,452),(459,'These sneakers are bad!','2016-10-01 14:24:00',10,100,74,452),(460,'What a bad sneakers!','2016-10-02 00:00:00',10,100,25,452),(461,'Hum, horrendous!','2016-10-02 09:36:00',10,100,8,452),(462,'These sneakers are terrible!','2016-10-02 19:12:00',10,100,84,452),(463,'Nidas launched the new Airflow Sneakers! I have these sneakers and I think they\'re horrendous!','2016-09-29 04:48:00',10,100,3,NULL),(464,'Hum, awful!','2016-10-02 19:12:00',10,100,90,463),(465,'What a horrendous sneakers!','2016-10-03 04:48:00',10,100,19,463),(466,'These sneakers are dreadful!','2016-10-03 14:24:00',10,100,68,463),(467,'What a inferior sneakers!','2016-10-04 00:00:00',10,100,89,463),(468,'I have these sneakers and I think they\'re dreadful!','2016-10-04 09:36:00',10,100,91,463),(469,'These are awful sneakers!','2016-10-04 19:12:00',10,100,80,463),(470,'So horrendous!','2016-10-05 04:48:00',10,100,85,463),(471,'These are terrible sneakers!','2016-10-05 14:24:00',10,100,25,463),(472,'What a horrendous sneakers!','2016-10-06 00:00:00',10,100,47,463),(473,'horrendous!','2016-10-06 09:36:00',10,100,24,463),(474,'Airflow Sneakers from Nidas! Any comments?In a word: awful!','2016-10-02 19:12:00',10,100,4,NULL),(475,'I say awful! No?','2016-10-06 09:36:00',10,100,11,474),(476,'So horrendous!','2016-10-06 19:12:00',10,100,29,474),(477,'...horrendous sneakers!','2016-10-07 04:48:00',10,100,24,474),(478,'These are dreadful sneakers!','2016-10-07 14:24:00',10,100,18,474),(479,'These are horrendous sneakers!','2016-10-08 00:00:00',10,100,55,474),(480,'I have these sneakers and I think they\'re horrendous!','2016-10-08 09:36:00',10,100,85,474),(481,'These sneakers are awful!','2016-10-08 19:12:00',10,100,11,474),(482,'Hum, horrendous!','2016-10-09 04:48:00',10,100,53,474),(483,'These are bad sneakers!','2016-10-09 14:24:00',10,100,49,474),(484,'These are dreadful sneakers!','2016-10-10 00:00:00',10,100,9,474),(485,'Airflow Sneakers from Nidas! Any comments?These are horrendous sneakers!','2016-10-06 09:36:00',10,100,5,NULL),(486,'...awful sneakers!','2016-10-10 00:00:00',10,100,90,485),(487,'I say horrendous! No?','2016-10-10 09:36:00',10,100,70,485),(488,'I have these sneakers and I think they\'re horrendous!','2016-10-10 19:12:00',10,100,56,485),(489,'Hum, horrendous!','2016-10-11 04:48:00',10,100,57,485),(490,'inferior!','2016-10-11 14:24:00',10,100,76,485),(491,'I say horrendous! No?','2016-10-12 00:00:00',10,100,70,485),(492,'bad!','2016-10-12 09:36:00',10,100,21,485),(493,'These are horrendous sneakers!','2016-10-12 19:12:00',10,100,16,485),(494,'In a word: horrendous!','2016-10-13 04:48:00',10,100,100,485),(495,'horrendous!','2016-10-13 14:24:00',10,100,39,485),(496,'Check the new Airflow Sneakers from Nidas! inferior!','2016-10-10 00:00:00',10,100,1,NULL),(497,'I have these sneakers and I think they\'re horrendous!','2016-10-13 14:24:00',10,100,62,496),(498,'These sneakers are horrendous!','2016-10-14 00:00:00',10,100,64,496),(499,'In a word: awful!','2016-10-14 09:36:00',10,100,67,496),(500,'So poor!','2016-10-14 19:12:00',10,100,99,496),(501,'I have these sneakers and I think they\'re horrendous!','2016-10-15 04:48:00',10,100,69,496),(502,'In a word: horrendous!','2016-10-15 14:24:00',10,100,100,496),(503,'So horrendous!','2016-10-16 00:00:00',10,100,87,496),(504,'In a word: horrendous!','2016-10-16 09:36:00',10,100,18,496),(505,'So poor!','2016-10-16 19:12:00',10,100,44,496),(506,'In a word: horrendous!','2016-10-17 04:48:00',10,100,47,496),(507,'Have you tested the Nidas\' Airflow Sneakers? I have these sneakers and I think they\'re dreadful!','2016-10-13 14:24:00',10,100,2,NULL),(508,'In a word: terrible!','2016-10-17 04:48:00',10,100,48,507),(509,'What a horrendous sneakers!','2016-10-17 14:24:00',10,100,79,507),(510,'Hum, horrendous!','2016-10-18 00:00:00',10,100,30,507),(511,'horrendous!','2016-10-18 09:36:00',10,100,30,507),(512,'In a word: horrendous!','2016-10-18 19:12:00',10,100,87,507),(513,'Hum, poor!','2016-10-19 04:48:00',10,100,58,507),(514,'What a poor sneakers!','2016-10-19 14:24:00',10,100,80,507),(515,'So horrendous!','2016-10-20 00:00:00',10,100,62,507),(516,'These are horrendous sneakers!','2016-10-20 09:36:00',10,100,56,507),(517,'I say horrendous! No?','2016-10-20 19:12:00',10,100,100,507),(518,'Tell me what you think of the new Airflow Sneakers from Nidas! Hum, terrible!','2016-10-17 04:48:00',10,100,3,NULL),(519,'These sneakers are dreadful!','2016-10-20 19:12:00',10,100,59,518),(520,'Hum, bad!','2016-10-21 04:48:00',10,100,80,518),(521,'These are horrendous sneakers!','2016-10-21 14:24:00',10,100,64,518),(522,'I say bad! No?','2016-10-22 00:00:00',10,100,31,518),(523,'These are horrendous sneakers!','2016-10-22 09:36:00',10,100,87,518),(524,'These sneakers are horrendous!','2016-10-22 19:12:00',10,100,51,518),(525,'horrendous!','2016-10-23 04:48:00',10,100,91,518),(526,'In a word: horrendous!','2016-10-23 14:24:00',10,100,7,518),(527,'In a word: poor!','2016-10-24 00:00:00',10,100,44,518),(528,'So inferior!','2016-10-24 09:36:00',10,100,12,518),(529,'Airflow Sneakers from Nidas! Any comments?...poor sneakers!','2016-10-20 19:12:00',10,100,4,NULL),(530,'These are horrendous sneakers!','2016-10-24 09:36:00',10,100,56,529),(531,'These sneakers are bad!','2016-10-24 19:12:00',10,100,84,529),(532,'These are horrendous sneakers!','2016-10-25 04:48:00',10,100,29,529),(533,'In a word: horrendous!','2016-10-25 14:24:00',10,100,27,529),(534,'I say horrendous! No?','2016-10-26 00:00:00',10,100,79,529),(535,'Hum, awful!','2016-10-26 09:36:00',10,100,94,529),(536,'I have these sneakers and I think they\'re terrible!','2016-10-26 19:12:00',10,100,48,529),(537,'I say poor! No?','2016-10-27 04:48:00',10,100,82,529),(538,'So bad!','2016-10-27 14:24:00',10,100,31,529),(539,'...deficient sneakers!','2016-10-28 00:00:00',10,100,99,529),(540,'Have you tested the Nidas\' Airflow Sneakers? In a word: awful!','2016-10-24 09:36:00',10,100,5,NULL),(541,'So horrendous!','2016-10-28 00:00:00',10,100,7,540),(542,'...horrendous sneakers!','2016-10-28 09:36:00',10,100,60,540),(543,'So horrendous!','2016-10-28 19:12:00',10,100,23,540),(544,'Hum, horrendous!','2016-10-29 04:48:00',10,100,55,540),(545,'These sneakers are dreadful!','2016-10-29 14:24:00',10,100,6,540),(546,'In a word: horrendous!','2016-10-30 00:00:00',10,100,60,540),(547,'horrendous!','2016-10-30 09:36:00',10,100,23,540),(548,'These are horrendous sneakers!','2016-10-30 19:12:00',10,100,56,540),(549,'These sneakers are weak!','2016-10-31 04:48:00',10,100,93,540),(550,'In a word: poor!','2016-10-31 14:24:00',10,100,38,540),(551,'Tell me what you think of the new Airflow Sneakers from Nidas! ...horrendous sneakers!','2016-10-28 00:00:00',10,100,1,NULL),(552,'Hum, poor!','2016-10-31 14:24:00',10,100,92,551),(553,'In a word: horrendous!','2016-11-01 00:00:00',10,100,73,551),(554,'I have these sneakers and I think they\'re horrendous!','2016-11-01 09:36:00',10,100,39,551),(555,'horrendous!','2016-11-01 19:12:00',10,100,23,551),(556,'These sneakers are poor!','2016-11-02 04:48:00',10,100,84,551),(557,'These sneakers are horrendous!','2016-11-02 14:24:00',10,100,32,551),(558,'...bad sneakers!','2016-11-03 00:00:00',10,100,92,551),(559,'I have these sneakers and I think they\'re horrendous!','2016-11-03 09:36:00',10,100,36,551),(560,'I have these sneakers and I think they\'re bad!','2016-11-03 19:12:00',10,100,13,551),(561,'These are horrendous sneakers!','2016-11-04 04:48:00',10,100,87,551),(562,'Have you tested the Nidas\' Airflow Sneakers? These sneakers are horrendous!','2016-10-31 14:24:00',10,100,2,NULL),(563,'So bad!','2016-11-04 04:48:00',10,100,26,562),(564,'In a word: horrendous!','2016-11-04 14:24:00',10,100,39,562),(565,'...weak sneakers!','2016-11-05 00:00:00',10,100,15,562),(566,'Hum, horrendous!','2016-11-05 09:36:00',10,100,17,562),(567,'In a word: deficient!','2016-11-05 19:12:00',10,100,99,562),(568,'These are inferior sneakers!','2016-11-06 04:48:00',10,100,12,562),(569,'dreadful!','2016-11-06 14:24:00',10,100,59,562),(570,'...horrendous sneakers!','2016-11-07 00:00:00',10,100,43,562),(571,'I have these sneakers and I think they\'re poor!','2016-11-07 09:36:00',10,100,61,562),(572,'In a word: dreadful!','2016-11-07 19:12:00',10,100,75,562),(573,'Have you tested the Nidas\' Airflow Sneakers? ...horrendous sneakers!','2016-11-04 04:48:00',10,100,3,NULL),(574,'I say inferior! No?','2016-11-07 19:12:00',10,100,34,573),(575,'horrendous!','2016-11-08 04:48:00',10,100,86,573),(576,'...poor sneakers!','2016-11-08 14:24:00',10,100,88,573),(577,'Hum, horrendous!','2016-11-09 00:00:00',10,100,36,573),(578,'I have these sneakers and I think they\'re horrendous!','2016-11-09 09:36:00',10,100,33,573),(579,'These sneakers are horrendous!','2016-11-09 19:12:00',10,100,59,573),(580,'inferior!','2016-11-10 04:48:00',10,100,88,573),(581,'I have these sneakers and I think they\'re inferior!','2016-11-10 14:24:00',10,100,54,573),(582,'In a word: poor!','2016-11-11 00:00:00',10,100,26,573),(583,'These are horrendous sneakers!','2016-11-11 09:36:00',10,100,60,573),(584,'Check the new Airflow Sneakers from Nidas! These are inferior sneakers!','2016-11-07 19:12:00',10,100,4,NULL),(585,'So horrendous!','2016-11-11 09:36:00',10,100,95,584),(586,'Hum, poor!','2016-11-11 19:12:00',10,100,88,584),(587,'In a word: poor!','2016-11-12 04:48:00',10,100,21,584),(588,'In a word: limited!','2016-11-12 14:24:00',10,100,74,584),(589,'These sneakers are inferior!','2016-11-13 00:00:00',10,100,38,584),(590,'These sneakers are deficient!','2016-11-13 09:36:00',10,100,34,584),(591,'horrendous!','2016-11-13 19:12:00',10,100,62,584),(592,'I say inferior! No?','2016-11-14 04:48:00',10,100,38,584),(593,'So bad!','2016-11-14 14:24:00',10,100,31,584),(594,'I say horrendous! No?','2016-11-15 00:00:00',10,100,60,584),(595,'Airflow Sneakers from Nidas! Any comments?So horrendous!','2016-11-11 09:36:00',10,100,5,NULL),(596,'I have these sneakers and I think they\'re horrendous!','2016-11-15 00:00:00',10,100,70,595),(597,'So horrendous!','2016-11-15 09:36:00',10,100,16,595),(598,'I have these sneakers and I think they\'re horrendous!','2016-11-15 19:12:00',10,100,39,595),(599,'So deficient!','2016-11-16 04:48:00',10,100,82,595),(600,'...mediocre sneakers!','2016-11-16 14:24:00',10,100,96,595),(601,'Hum, deficient!','2016-11-17 00:00:00',10,100,54,595),(602,'Hum, horrendous!','2016-11-17 09:36:00',10,100,41,595),(603,'deficient!','2016-11-17 19:12:00',10,100,77,595),(604,'These sneakers are bad!','2016-11-18 04:48:00',10,100,31,595),(605,'These are bad sneakers!','2016-11-18 14:24:00',10,100,80,595),(606,'Airflow Sneakers from Nidas! Any comments?These sneakers are horrendous!','2016-11-15 00:00:00',10,100,1,NULL),(607,'Hum, horrendous!','2016-11-18 14:24:00',10,100,62,606),(608,'...bad sneakers!','2016-11-19 00:00:00',10,100,67,606),(609,'I say dreadful! No?','2016-11-19 09:36:00',10,100,32,606),(610,'These are mediocre sneakers!','2016-11-19 19:12:00',10,100,28,606),(611,'I have these sneakers and I think they\'re horrendous!','2016-11-20 04:48:00',10,100,56,606),(612,'In a word: inferior!','2016-11-20 14:24:00',10,100,84,606),(613,'I have these sneakers and I think they\'re horrendous!','2016-11-21 00:00:00',10,100,98,606),(614,'...horrendous sneakers!','2016-11-21 09:36:00',10,100,55,606),(615,'...deficient sneakers!','2016-11-21 19:12:00',10,100,21,606),(616,'What a inferior sneakers!','2016-11-22 04:48:00',10,100,50,606),(617,'Airflow Sneakers from Nidas! Any comments?...horrendous sneakers!','2016-11-18 14:24:00',10,100,2,NULL),(618,'These sneakers are deficient!','2016-11-22 04:48:00',10,100,77,617),(619,'These are horrendous sneakers!','2016-11-22 14:24:00',10,100,79,617),(620,'Hum, deficient!','2016-11-23 00:00:00',10,100,13,617),(621,'Hum, terrible!','2016-11-23 09:36:00',10,100,68,617),(622,'In a word: awful!','2016-11-23 19:12:00',10,100,9,617),(623,'These sneakers are horrendous!','2016-11-24 04:48:00',10,100,33,617),(624,'These sneakers are mediocre!','2016-11-24 14:24:00',10,100,28,617),(625,'Hum, deficient!','2016-11-25 00:00:00',10,100,88,617),(626,'I say mediocre! No?','2016-11-25 09:36:00',10,100,89,617),(627,'In a word: horrendous!','2016-11-25 19:12:00',10,100,30,617),(628,'Airflow Sneakers from Nidas! Any comments?So limited!','2016-11-22 04:48:00',10,100,3,NULL),(629,'I have these sneakers and I think they\'re horrendous!','2016-11-25 19:12:00',10,100,19,628),(630,'horrendous!','2016-11-26 04:48:00',10,100,60,628),(631,'...horrendous sneakers!','2016-11-26 14:24:00',10,100,27,628),(632,'I say dreadful! No?','2016-11-27 00:00:00',10,100,91,628),(633,'These are horrendous sneakers!','2016-11-27 09:36:00',10,100,7,628),(634,'In a word: awful!','2016-11-27 19:12:00',10,100,11,628),(635,'What a horrendous sneakers!','2016-11-28 04:48:00',10,100,53,628),(636,'horrendous!','2016-11-28 14:24:00',10,100,64,628),(637,'I have these sneakers and I think they\'re horrendous!','2016-11-29 00:00:00',10,100,62,628),(638,'So terrible!','2016-11-29 09:36:00',10,100,32,628),(639,'Nidas launched the new Airflow Sneakers! I say horrendous! No?','2016-11-25 19:12:00',10,100,4,NULL),(640,'inferior!','2016-11-29 09:36:00',10,100,80,639),(641,'These are horrendous sneakers!','2016-11-29 19:12:00',10,100,55,639),(642,'In a word: inferior!','2016-11-30 04:48:00',10,100,10,639),(643,'These sneakers are horrendous!','2016-11-30 14:24:00',10,100,39,639),(644,'Hum, weak!','2016-12-01 00:00:00',10,100,77,639),(645,'So horrendous!','2016-12-01 09:36:00',10,100,16,639),(646,'In a word: horrendous!','2016-12-01 19:12:00',10,100,45,639),(647,'These are horrendous sneakers!','2016-12-02 04:48:00',10,100,36,639),(648,'I have these sneakers and I think they\'re horrendous!','2016-12-02 14:24:00',10,100,36,639),(649,'I have these sneakers and I think they\'re horrendous!','2016-12-03 00:00:00',10,100,73,639),(650,'Have you tested the Nidas\' Airflow Sneakers? What a horrendous sneakers!','2016-11-29 09:36:00',10,100,5,NULL),(651,'weak!','2016-12-03 00:00:00',10,100,49,650),(652,'I have these sneakers and I think they\'re horrendous!','2016-12-03 09:36:00',10,100,69,650),(653,'I have these sneakers and I think they\'re deficient!','2016-12-03 19:12:00',10,100,10,650),(654,'In a word: horrendous!','2016-12-04 04:48:00',10,100,64,650),(655,'...deficient sneakers!','2016-12-04 14:24:00',10,100,10,650),(656,'What a deficient sneakers!','2016-12-05 00:00:00',10,100,13,650),(657,'So bad!','2016-12-05 09:36:00',10,100,78,650),(658,'These sneakers are weak!','2016-12-05 19:12:00',10,100,61,650),(659,'I say average! No?','2016-12-06 04:48:00',10,100,96,650),(660,'What a bad sneakers!','2016-12-06 14:24:00',10,100,11,650),(661,'Have you tested the Nidas\' Airflow Sneakers? What a weak sneakers!','2016-12-03 00:00:00',10,100,1,NULL),(662,'...awful sneakers!','2016-12-06 14:24:00',10,100,14,661),(663,'Hum, deficient!','2016-12-07 00:00:00',10,100,21,661),(664,'So horrendous!','2016-12-07 09:36:00',10,100,100,661),(665,'These sneakers are poor!','2016-12-07 19:12:00',10,100,94,661),(666,'...horrendous sneakers!','2016-12-08 04:48:00',10,100,100,661),(667,'So horrendous!','2016-12-08 14:24:00',10,100,24,661),(668,'I have these sneakers and I think they\'re deficient!','2016-12-09 00:00:00',10,100,49,661),(669,'...horrendous sneakers!','2016-12-09 09:36:00',10,100,57,661),(670,'I say horrendous! No?','2016-12-09 19:12:00',10,100,62,661),(671,'What a horrendous sneakers!','2016-12-10 04:48:00',10,100,35,661),(672,'Tell me what you think of the new Airflow Sneakers from Nidas! In a word: horrendous!','2016-12-06 14:24:00',10,100,2,NULL),(673,'What a terrible sneakers!','2016-12-10 04:48:00',10,100,47,672),(674,'...horrendous sneakers!','2016-12-10 14:24:00',10,100,22,672),(675,'So horrendous!','2016-12-11 00:00:00',10,100,79,672),(676,'These sneakers are inferior!','2016-12-11 09:36:00',10,100,31,672),(677,'These are horrendous sneakers!','2016-12-11 19:12:00',10,100,22,672),(678,'These sneakers are horrendous!','2016-12-12 04:48:00',10,100,53,672),(679,'horrendous!','2016-12-12 14:24:00',10,100,100,672),(680,'So dreadful!','2016-12-13 00:00:00',10,100,91,672),(681,'Hum, horrendous!','2016-12-13 09:36:00',10,100,87,672),(682,'I have these sneakers and I think they\'re fair!','2016-12-13 19:12:00',10,100,96,672),(683,'Tell me what you think of the new Airflow Sneakers from Nidas! What a decent sneakers!','2016-12-10 04:48:00',10,100,3,NULL),(684,'I have these sneakers and I think they\'re horrendous!','2016-12-13 19:12:00',10,100,57,683),(685,'These are horrendous sneakers!','2016-12-14 04:48:00',10,100,62,683),(686,'So limited!','2016-12-14 14:24:00',10,100,65,683),(687,'I have these sneakers and I think they\'re horrendous!','2016-12-15 00:00:00',10,100,17,683),(688,'Hum, limited!','2016-12-15 09:36:00',10,100,54,683),(689,'I say deficient! No?','2016-12-15 19:12:00',10,100,38,683),(690,'Hum, horrendous!','2016-12-16 04:48:00',10,100,39,683),(691,'...deficient sneakers!','2016-12-16 14:24:00',10,100,88,683),(692,'I say limited! No?','2016-12-17 00:00:00',10,100,92,683),(693,'...horrendous sneakers!','2016-12-17 09:36:00',10,100,95,683),(694,'Tell me what you think of the new Airflow Sneakers from Nidas! horrendous!','2016-12-13 19:12:00',10,100,4,NULL),(695,'...decent sneakers!','2016-12-17 09:36:00',10,100,63,694),(696,'These sneakers are horrendous!','2016-12-17 19:12:00',10,100,98,694),(697,'I say deficient! No?','2016-12-18 04:48:00',10,100,80,694),(698,'Hum, weak!','2016-12-18 14:24:00',10,100,82,694),(699,'What a terrible sneakers!','2016-12-19 00:00:00',10,100,75,694),(700,'I say dreadful! No?','2016-12-19 09:36:00',10,100,59,694),(701,'These are horrendous sneakers!','2016-12-19 19:12:00',10,100,30,694),(702,'In a word: weak!','2016-12-20 04:48:00',10,100,49,694),(703,'...horrendous sneakers!','2016-12-20 14:24:00',10,100,71,694),(704,'dreadful!','2016-12-21 00:00:00',10,100,32,694),(705,'Airflow Sneakers from Nidas! Any comments?These are weak sneakers!','2016-12-17 09:36:00',10,100,5,NULL),(706,'What a weak sneakers!','2016-12-21 00:00:00',10,100,40,705),(707,'...horrendous sneakers!','2016-12-21 09:36:00',10,100,87,705),(708,'So mediocre!','2016-12-21 19:12:00',10,100,12,705),(709,'...inferior sneakers!','2016-12-22 04:48:00',10,100,11,705),(710,'Hum, fine!','2016-12-22 14:24:00',10,100,46,705),(711,'These sneakers are weak!','2016-12-23 00:00:00',10,100,21,705),(712,'In a word: fair!','2016-12-23 09:36:00',10,100,15,705),(713,'I have these sneakers and I think they\'re horrendous!','2016-12-23 19:12:00',10,100,27,705),(714,'Hum, limited!','2016-12-24 04:48:00',10,100,34,705),(715,'What a horrendous sneakers!','2016-12-24 14:24:00',10,100,8,705),(716,'Nidas launched the new Airflow Sneakers! ...horrendous sneakers!','2016-12-21 00:00:00',10,100,1,NULL),(717,'What a inferior sneakers!','2016-12-24 14:24:00',10,100,67,716),(718,'Hum, horrendous!','2016-12-25 00:00:00',10,100,29,716),(719,'These are horrendous sneakers!','2016-12-25 09:36:00',10,100,27,716),(720,'Hum, horrendous!','2016-12-25 19:12:00',10,100,100,716),(721,'...horrendous sneakers!','2016-12-26 04:48:00',10,100,36,716),(722,'So dreadful!','2016-12-26 14:24:00',10,100,59,716),(723,'So mediocre!','2016-12-27 00:00:00',10,100,12,716),(724,'These are horrendous sneakers!','2016-12-27 09:36:00',10,100,57,716),(725,'These are decent sneakers!','2016-12-27 19:12:00',10,100,63,716),(726,'I have these sneakers and I think they\'re horrendous!','2016-12-28 04:48:00',10,100,55,716),(727,'Nidas launched the new Airflow Sneakers! ...deficient sneakers!','2016-12-24 14:24:00',10,100,2,NULL),(728,'limited!','2016-12-28 04:48:00',10,100,84,727),(729,'These sneakers are deficient!','2016-12-28 14:24:00',10,100,50,727),(730,'In a word: horrendous!','2016-12-29 00:00:00',10,100,87,727),(731,'So horrendous!','2016-12-29 09:36:00',10,100,35,727),(732,'So horrendous!','2016-12-29 19:12:00',10,100,22,727),(733,'In a word: poor!','2016-12-30 04:48:00',10,100,9,727),(734,'In a word: horrendous!','2016-12-30 14:24:00',10,100,55,727),(735,'These sneakers are bad!','2016-12-31 00:00:00',10,100,97,727),(736,'decent!','2016-12-31 09:36:00',10,100,46,727),(737,'These are mediocre sneakers!','2016-12-31 19:12:00',10,100,65,727),(738,'Nidas launched the new Airflow Sneakers! I have these sneakers and I think they\'re terrible!','2016-12-28 04:48:00',10,100,3,NULL),(739,'So horrendous!','2016-12-31 19:12:00',10,100,24,738),(740,'I say limited! No?','2017-01-01 04:48:00',10,100,13,738),(741,'In a word: horrendous!','2017-01-01 14:24:00',10,100,8,738),(742,'These sneakers are horrendous!','2017-01-02 00:00:00',10,100,29,738),(743,'Hum, horrendous!','2017-01-02 09:36:00',10,100,86,738),(744,'So horrendous!','2017-01-02 19:12:00',10,100,85,738),(745,'In a word: dreadful!','2017-01-03 04:48:00',10,100,18,738),(746,'These are horrendous sneakers!','2017-01-03 14:24:00',10,100,87,738),(747,'So limited!','2017-01-04 00:00:00',10,100,88,738),(748,'Hum, awful!','2017-01-04 09:36:00',10,100,68,738),(749,'Nidas launched the new Airflow Sneakers! I say horrendous! No?','2016-12-31 19:12:00',10,100,4,NULL),(750,'These are horrendous sneakers!','2017-01-04 09:36:00',10,100,72,749),(751,'These sneakers are mediocre!','2017-01-04 19:12:00',10,100,65,749),(752,'So deficient!','2017-01-05 04:48:00',10,100,37,749),(753,'...horrendous sneakers!','2017-01-05 14:24:00',10,100,55,749),(754,'horrendous!','2017-01-06 00:00:00',10,100,52,749),(755,'In a word: terrible!','2017-01-06 09:36:00',10,100,6,749),(756,'Hum, limited!','2017-01-06 19:12:00',10,100,13,749),(757,'I have these sneakers and I think they\'re horrendous!','2017-01-07 04:48:00',10,100,98,749),(758,'I say deficient! No?','2017-01-07 14:24:00',10,100,67,749),(759,'These are horrendous sneakers!','2017-01-08 00:00:00',10,100,8,749),(760,'Check the new Airflow Sneakers from Nidas! dreadful!','2017-01-04 09:36:00',10,100,5,NULL),(761,'These are limited sneakers!','2017-01-08 00:00:00',10,100,38,760),(762,'These sneakers are mediocre!','2017-01-08 09:36:00',10,100,54,760),(763,'These are horrendous sneakers!','2017-01-08 19:12:00',10,100,57,760),(764,'...horrendous sneakers!','2017-01-09 04:48:00',10,100,53,760),(765,'fine!','2017-01-09 14:24:00',10,100,93,760),(766,'I have these sneakers and I think they\'re horrendous!','2017-01-10 00:00:00',10,100,69,760),(767,'...bad sneakers!','2017-01-10 09:36:00',10,100,14,760),(768,'...horrendous sneakers!','2017-01-10 19:12:00',10,100,55,760),(769,'Hum, horrendous!','2017-01-11 04:48:00',10,100,39,760),(770,'Hum, horrendous!','2017-01-11 14:24:00',10,100,8,760),(771,'Check the new Airflow Sneakers from Nidas! These are horrendous sneakers!','2017-01-08 00:00:00',10,100,1,NULL),(772,'horrendous!','2017-01-11 14:24:00',10,100,22,771),(773,'These sneakers are limited!','2017-01-12 00:00:00',10,100,82,771),(774,'What a limited sneakers!','2017-01-12 09:36:00',10,100,92,771),(775,'These sneakers are terrible!','2017-01-12 19:12:00',10,100,6,771),(776,'I have these sneakers and I think they\'re average!','2017-01-13 04:48:00',10,100,40,771),(777,'I say horrendous! No?','2017-01-13 14:24:00',10,100,79,771),(778,'So horrendous!','2017-01-14 00:00:00',10,100,60,771),(779,'These are horrendous sneakers!','2017-01-14 09:36:00',10,100,70,771),(780,'These are limited sneakers!','2017-01-14 19:12:00',10,100,77,771),(781,'These are horrendous sneakers!','2017-01-15 04:48:00',10,100,70,771),(782,'Nidas launched the new Airflow Sneakers! These are horrendous sneakers!','2017-01-11 14:24:00',10,100,2,NULL),(783,'I have these sneakers and I think they\'re poor!','2017-01-15 04:48:00',10,100,9,782),(784,'...horrendous sneakers!','2017-01-15 14:24:00',10,100,100,782),(785,'What a fair sneakers!','2017-01-16 00:00:00',10,100,99,782),(786,'I have these sneakers and I think they\'re fine!','2017-01-16 09:36:00',10,100,89,782),(787,'I say horrendous! No?','2017-01-16 19:12:00',10,100,51,782),(788,'I have these sneakers and I think they\'re great!','2017-01-17 04:48:00',10,100,46,782),(789,'So limited!','2017-01-17 14:24:00',10,100,88,782),(790,'So horrendous!','2017-01-18 00:00:00',10,100,51,782),(791,'horrendous!','2017-01-18 09:36:00',10,100,95,782),(792,'These are horrendous sneakers!','2017-01-18 19:12:00',10,100,86,782),(793,'Airflow Sneakers from Nidas! Any comments?horrendous!','2017-01-15 04:48:00',10,100,3,NULL),(794,'I say limited! No?','2017-01-18 19:12:00',10,100,83,793),(795,'horrendous!','2017-01-19 04:48:00',10,100,36,793),(796,'What a deficient sneakers!','2017-01-19 14:24:00',10,100,31,793),(797,'horrendous!','2017-01-20 00:00:00',10,100,64,793),(798,'...weak sneakers!','2017-01-20 09:36:00',10,100,67,793),(799,'These sneakers are inferior!','2017-01-20 19:12:00',10,100,48,793),(800,'I have these sneakers and I think they\'re weak!','2017-01-21 04:48:00',10,100,31,793),(801,'...good sneakers!','2017-01-21 14:24:00',10,100,63,793),(802,'Hum, good!','2017-01-22 00:00:00',10,100,63,793),(803,'horrendous!','2017-01-22 09:36:00',10,100,36,793),(804,'Have you tested the Nidas\' Airflow Sneakers? Hum, fine!','2017-01-18 19:12:00',10,100,4,NULL),(805,'I have these sneakers and I think they\'re horrendous!','2017-01-22 09:36:00',10,100,56,804),(806,'horrendous!','2017-01-22 19:12:00',10,100,73,804),(807,'Hum, fine!','2017-01-23 04:48:00',10,100,58,804),(808,'So mediocre!','2017-01-23 14:24:00',10,100,83,804),(809,'In a word: weak!','2017-01-24 00:00:00',10,100,31,804),(810,'What a horrendous sneakers!','2017-01-24 09:36:00',10,100,22,804),(811,'I have these sneakers and I think they\'re horrendous!','2017-01-24 19:12:00',10,100,73,804),(812,'I say horrendous! No?','2017-01-25 04:48:00',10,100,72,804),(813,'In a word: weak!','2017-01-25 14:24:00',10,100,37,804),(814,'In a word: horrendous!','2017-01-26 00:00:00',10,100,18,804),(815,'Check the new Airflow Sneakers from Nidas! So dreadful!','2017-01-22 09:36:00',10,100,5,NULL),(816,'In a word: horrendous!','2017-01-26 00:00:00',10,100,85,815),(817,'I say great! No?','2017-01-26 09:36:00',10,100,93,815),(818,'I say weak! No?','2017-01-26 19:12:00',10,100,37,815),(819,'What a horrendous sneakers!','2017-01-27 04:48:00',10,100,57,815),(820,'These sneakers are deficient!','2017-01-27 14:24:00',10,100,37,815),(821,'These are fair sneakers!','2017-01-28 00:00:00',10,100,99,815),(822,'What a horrendous sneakers!','2017-01-28 09:36:00',10,100,64,815),(823,'These are horrendous sneakers!','2017-01-28 19:12:00',10,100,20,815),(824,'In a word: horrendous!','2017-01-29 04:48:00',10,100,22,815),(825,'Hum, horrendous!','2017-01-29 14:24:00',10,100,33,815),(826,'Check the new Airflow Sneakers from Nidas! These are fine sneakers!','2017-01-26 00:00:00',10,100,1,NULL),(827,'These are limited sneakers!','2017-01-29 14:24:00',10,100,88,826),(828,'In a word: horrendous!','2017-01-30 00:00:00',10,100,8,826),(829,'These sneakers are deficient!','2017-01-30 09:36:00',10,100,48,826),(830,'These sneakers are mediocre!','2017-01-30 19:12:00',10,100,38,826),(831,'So great!','2017-01-31 04:48:00',10,100,93,826),(832,'In a word: limited!','2017-01-31 14:24:00',10,100,37,826),(833,'...terrible sneakers!','2017-02-01 00:00:00',10,100,32,826),(834,'These are horrendous sneakers!','2017-02-01 09:36:00',10,100,41,826),(835,'I say good! No?','2017-02-01 19:12:00',10,100,74,826),(836,'I say limited! No?','2017-02-02 04:48:00',10,100,92,826),(837,'Have you tested the Nidas\' Airflow Sneakers? Hum, average!','2017-01-29 14:24:00',10,100,2,NULL),(838,'horrendous!','2017-02-02 04:48:00',10,100,85,837),(839,'These are fair sneakers!','2017-02-02 14:24:00',10,100,34,837),(840,'These are dreadful sneakers!','2017-02-03 00:00:00',10,100,70,837),(841,'What a horrendous sneakers!','2017-02-03 09:36:00',10,100,66,837),(842,'fine!','2017-02-03 19:12:00',10,100,58,837),(843,'I have these sneakers and I think they\'re average!','2017-02-04 04:48:00',10,100,65,837),(844,'I have these sneakers and I think they\'re horrendous!','2017-02-04 14:24:00',10,100,16,837),(845,'...horrendous sneakers!','2017-02-05 00:00:00',10,100,73,837),(846,'These sneakers are horrendous!','2017-02-05 09:36:00',10,100,7,837),(847,'What a limited sneakers!','2017-02-05 19:12:00',10,100,81,837),(848,'Check the new Airflow Sneakers from Nidas! I say poor! No?','2017-02-02 04:48:00',10,100,3,NULL),(849,'I have these sneakers and I think they\'re horrendous!','2017-02-05 19:12:00',10,100,60,848),(850,'These are great sneakers!','2017-02-06 04:48:00',10,100,96,848),(851,'good!','2017-02-06 14:24:00',10,100,58,848),(852,'...great sneakers!','2017-02-07 00:00:00',10,100,28,848),(853,'In a word: horrendous!','2017-02-07 09:36:00',10,100,95,848),(854,'These are good sneakers!','2017-02-07 19:12:00',10,100,89,848),(855,'What a dreadful sneakers!','2017-02-08 04:48:00',10,100,45,848),(856,'In a word: horrendous!','2017-02-08 14:24:00',10,100,66,848),(857,'What a dreadful sneakers!','2017-02-09 00:00:00',10,100,18,848),(858,'I have these sneakers and I think they\'re horrendous!','2017-02-09 09:36:00',10,100,87,848),(859,'Check the new Airflow Sneakers from Nidas! So horrendous!','2017-02-05 19:12:00',10,100,4,NULL),(860,'Hum, average!','2017-02-09 09:36:00',10,100,77,859),(861,'horrendous!','2017-02-09 19:12:00',10,100,42,859),(862,'horrendous!','2017-02-10 04:48:00',10,100,36,859),(863,'So decent!','2017-02-10 14:24:00',10,100,76,859),(864,'What a limited sneakers!','2017-02-11 00:00:00',10,100,84,859),(865,'Hum, mediocre!','2017-02-11 09:36:00',10,100,82,859),(866,'I say limited! No?','2017-02-11 19:12:00',10,100,50,859),(867,'I say horrendous! No?','2017-02-12 04:48:00',10,100,66,859),(868,'I have these sneakers and I think they\'re horrendous!','2017-02-12 14:24:00',10,100,66,859),(869,'These sneakers are horrendous!','2017-02-13 00:00:00',10,100,36,859),(870,'Check the new Airflow Sneakers from Nidas! Hum, limited!','2017-02-09 09:36:00',10,100,5,NULL),(871,'What a horrendous sneakers!','2017-02-13 00:00:00',10,100,95,870),(872,'What a weak sneakers!','2017-02-13 09:36:00',10,100,31,870),(873,'These sneakers are horrendous!','2017-02-13 19:12:00',10,100,71,870),(874,'What a limited sneakers!','2017-02-14 04:48:00',10,100,50,870),(875,'horrendous!','2017-02-14 14:24:00',10,100,30,870),(876,'These sneakers are great!','2017-02-15 00:00:00',10,100,74,870),(877,'What a good sneakers!','2017-02-15 09:36:00',10,100,96,870),(878,'So horrendous!','2017-02-15 19:12:00',10,100,57,870),(879,'These are horrendous sneakers!','2017-02-16 04:48:00',10,100,62,870),(880,'These are horrendous sneakers!','2017-02-16 14:24:00',10,100,8,870),(881,'Tell me what you think of the new Airflow Sneakers from Nidas! In a word: limited!','2017-02-13 00:00:00',10,100,1,NULL),(882,'Hum, horrendous!','2017-02-16 14:24:00',10,100,64,881),(883,'In a word: inferior!','2017-02-17 00:00:00',10,100,14,881),(884,'Hum, horrendous!','2017-02-17 09:36:00',10,100,45,881),(885,'These sneakers are fine!','2017-02-17 19:12:00',10,100,15,881),(886,'In a word: horrendous!','2017-02-18 04:48:00',10,100,57,881),(887,'...horrendous sneakers!','2017-02-18 14:24:00',10,100,42,881),(888,'These are horrendous sneakers!','2017-02-19 00:00:00',10,100,20,881),(889,'In a word: fine!','2017-02-19 09:36:00',10,100,58,881),(890,'These are deficient sneakers!','2017-02-19 19:12:00',10,100,67,881),(891,'In a word: limited!','2017-02-20 04:48:00',10,100,50,881),(892,'Airflow Sneakers from Nidas! Any comments?What a average sneakers!','2017-02-16 14:24:00',10,100,2,NULL),(893,'So mediocre!','2017-02-20 04:48:00',10,100,92,892),(894,'What a horrendous sneakers!','2017-02-20 14:24:00',10,100,43,892),(895,'These are horrendous sneakers!','2017-02-21 00:00:00',10,100,51,892),(896,'horrendous!','2017-02-21 09:36:00',10,100,87,892),(897,'These are horrendous sneakers!','2017-02-21 19:12:00',10,100,33,892),(898,'So average!','2017-02-22 04:48:00',10,100,21,892),(899,'I have these sneakers and I think they\'re inferior!','2017-02-22 14:24:00',10,100,94,892),(900,'...horrendous sneakers!','2017-02-23 00:00:00',10,100,56,892),(901,'...terrible sneakers!','2017-02-23 09:36:00',10,100,47,892),(902,'I have these sneakers and I think they\'re horrendous!','2017-02-23 19:12:00',10,100,69,892),(903,'Nidas launched the new Airflow Sneakers! mediocre!','2017-02-20 04:48:00',10,100,3,NULL),(904,'So good!','2017-02-23 19:12:00',10,100,15,903),(905,'So dreadful!','2017-02-24 04:48:00',10,100,16,903),(906,'These are horrendous sneakers!','2017-02-24 14:24:00',10,100,86,903),(907,'In a word: decent!','2017-02-25 00:00:00',10,100,65,903),(908,'In a word: average!','2017-02-25 09:36:00',10,100,83,903),(909,'Hum, horrendous!','2017-02-25 19:12:00',10,100,23,903),(910,'...mediocre sneakers!','2017-02-26 04:48:00',10,100,26,903),(911,'These sneakers are horrendous!','2017-02-26 14:24:00',10,100,27,903),(912,'...horrendous sneakers!','2017-02-27 00:00:00',10,100,36,903),(913,'I have these sneakers and I think they\'re limited!','2017-02-27 09:36:00',10,100,84,903),(914,'Tell me what you think of the new Airflow Sneakers from Nidas! mediocre!','2017-02-23 19:12:00',10,100,4,NULL),(915,'...horrendous sneakers!','2017-02-27 09:36:00',10,100,98,914),(916,'dreadful!','2017-02-27 19:12:00',10,100,75,914),(917,'These are terrible sneakers!','2017-02-28 04:48:00',10,100,75,914),(918,'I say awful! No?','2017-02-28 14:24:00',10,100,91,914),(919,'I say average! No?','2017-03-01 00:00:00',10,100,49,914),(920,'I say mediocre! No?','2017-03-01 09:36:00',10,100,81,914),(921,'These are mediocre sneakers!','2017-03-01 19:12:00',10,100,81,914),(922,'These are mediocre sneakers!','2017-03-02 04:48:00',10,100,13,914),(923,'These sneakers are dreadful!','2017-03-02 14:24:00',10,100,18,914),(924,'In a word: terrible!','2017-03-03 00:00:00',10,100,75,914),(925,'Have you tested the Nidas\' Airflow Sneakers? I have these sneakers and I think they\'re horrendous!','2017-02-27 09:36:00',10,100,5,NULL),(926,'I have these sneakers and I think they\'re mediocre!','2017-03-03 00:00:00',10,100,88,925),(927,'I say horrendous! No?','2017-03-03 09:36:00',10,100,7,925),(928,'In a word: mediocre!','2017-03-03 19:12:00',10,100,83,925),(929,'horrendous!','2017-03-04 04:48:00',10,100,36,925),(930,'What a horrendous sneakers!','2017-03-04 14:24:00',10,100,33,925),(931,'What a average sneakers!','2017-03-05 00:00:00',10,100,82,925),(932,'...horrendous sneakers!','2017-03-05 09:36:00',10,100,69,925),(933,'So average!','2017-03-05 19:12:00',10,100,61,925),(934,'I have these sneakers and I think they\'re dreadful!','2017-03-06 04:48:00',10,100,16,925),(935,'In a word: superior!','2017-03-06 14:24:00',10,100,89,925),(936,'Check the new Airflow Sneakers from Nidas! What a horrendous sneakers!','2017-03-03 00:00:00',10,100,1,NULL),(937,'I say decent! No?','2017-03-06 14:24:00',10,100,40,936),(938,'What a deficient sneakers!','2017-03-07 00:00:00',10,100,31,936),(939,'Hum, deficient!','2017-03-07 09:36:00',10,100,9,936),(940,'I say horrendous! No?','2017-03-07 19:12:00',10,100,72,936),(941,'I have these sneakers and I think they\'re horrendous!','2017-03-08 04:48:00',10,100,66,936),(942,'These are dreadful sneakers!','2017-03-08 14:24:00',10,100,43,936),(943,'So horrendous!','2017-03-09 00:00:00',10,100,30,936),(944,'...great sneakers!','2017-03-09 09:36:00',10,100,63,936),(945,'horrendous!','2017-03-09 19:12:00',10,100,39,936),(946,'...average sneakers!','2017-03-10 04:48:00',10,100,88,936),(947,'Check the new Airflow Sneakers from Nidas! What a horrendous sneakers!','2017-03-06 14:24:00',10,100,2,NULL),(948,'These are limited sneakers!','2017-03-10 04:48:00',10,100,84,947),(949,'So deficient!','2017-03-10 14:24:00',10,100,78,947),(950,'What a deficient sneakers!','2017-03-11 00:00:00',10,100,78,947),(951,'These are horrendous sneakers!','2017-03-11 09:36:00',10,100,95,947),(952,'So horrendous!','2017-03-11 19:12:00',10,100,7,947),(953,'I have these sneakers and I think they\'re horrendous!','2017-03-12 04:48:00',10,100,30,947),(954,'...horrendous sneakers!','2017-03-12 14:24:00',10,100,8,947),(955,'These sneakers are decent!','2017-03-13 00:00:00',10,100,76,947),(956,'I say horrendous! No?','2017-03-13 09:36:00',10,100,7,947),(957,'mediocre!','2017-03-13 19:12:00',10,100,61,947),(958,'Airflow Sneakers from Nidas! Any comments?...average sneakers!','2017-03-10 04:48:00',10,100,3,NULL),(959,'Hum, horrendous!','2017-03-13 19:12:00',10,100,60,958),(960,'These are horrendous sneakers!','2017-03-14 04:48:00',10,100,95,958),(961,'I say inferior! No?','2017-03-14 14:24:00',10,100,97,958),(962,'These sneakers are horrendous!','2017-03-15 00:00:00',10,100,73,958),(963,'I have these sneakers and I think they\'re horrendous!','2017-03-15 09:36:00',10,100,57,958),(964,'I have these sneakers and I think they\'re mediocre!','2017-03-15 19:12:00',10,100,81,958),(965,'...horrendous sneakers!','2017-03-16 04:48:00',10,100,51,958),(966,'These are weak sneakers!','2017-03-16 14:24:00',10,100,31,958),(967,'horrendous!','2017-03-17 00:00:00',10,100,69,958),(968,'Hum, good!','2017-03-17 09:36:00',10,100,96,958),(969,'Tell me what you think of the new Airflow Sneakers from Nidas! ...good sneakers!','2017-03-13 19:12:00',10,100,4,NULL),(970,'horrendous!','2017-03-17 09:36:00',10,100,52,969),(971,'What a superior sneakers!','2017-03-17 19:12:00',10,100,89,969),(972,'Hum, horrendous!','2017-03-18 04:48:00',10,100,30,969),(973,'horrendous!','2017-03-18 14:24:00',10,100,52,969),(974,'These sneakers are limited!','2017-03-19 00:00:00',10,100,80,969),(975,'So horrendous!','2017-03-19 09:36:00',10,100,52,969),(976,'In a word: great!','2017-03-19 19:12:00',10,100,89,969),(977,'I have these sneakers and I think they\'re dreadful!','2017-03-20 04:48:00',10,100,43,969),(978,'These are fair sneakers!','2017-03-20 14:24:00',10,100,77,969),(979,'I say horrendous! No?','2017-03-21 00:00:00',10,100,87,969),(980,'Check the new Airflow Sneakers from Nidas! So limited!','2017-03-17 09:36:00',10,100,5,NULL),(981,'...average sneakers!','2017-03-21 00:00:00',10,100,92,980),(982,'What a average sneakers!','2017-03-21 09:36:00',10,100,88,980),(983,'These are horrendous sneakers!','2017-03-21 19:12:00',10,100,85,980),(984,'So horrendous!','2017-03-22 04:48:00',10,100,27,980),(985,'So deficient!','2017-03-22 14:24:00',10,100,67,980),(986,'These sneakers are horrendous!','2017-03-23 00:00:00',10,100,70,980),(987,'So horrendous!','2017-03-23 09:36:00',10,100,55,980),(988,'...mediocre sneakers!','2017-03-23 19:12:00',10,100,38,980),(989,'I have these sneakers and I think they\'re horrendous!','2017-03-24 04:48:00',10,100,41,980),(990,'These are horrendous sneakers!','2017-03-24 14:24:00',10,100,72,980),(991,'Tell me what you think of the new Airflow Sneakers from Nidas! Hum, terrible!','2017-03-21 00:00:00',10,100,1,NULL),(992,'These are limited sneakers!','2017-03-24 14:24:00',10,100,84,991),(993,'I say horrendous! No?','2017-03-25 00:00:00',10,100,79,991),(994,'So average!','2017-03-25 09:36:00',10,100,77,991),(995,'Hum, superior!','2017-03-25 19:12:00',10,100,63,991),(996,'...dreadful sneakers!','2017-03-26 04:48:00',10,100,75,991),(997,'These are decent sneakers!','2017-03-26 14:24:00',10,100,12,991),(998,'...horrendous sneakers!','2017-03-27 00:00:00',10,100,56,991),(999,'Hum, horrendous!','2017-03-27 09:36:00',10,100,33,991),(1000,'These sneakers are dreadful!','2017-03-27 19:12:00',10,100,71,991),(1001,'What a awful sneakers!','2017-03-28 04:48:00',10,100,68,991),(1002,'Check the new Airflow Sneakers from Nidas! In a word: mediocre!','2017-03-24 14:24:00',10,100,2,NULL),(1003,'What a horrendous sneakers!','2017-03-28 04:48:00',10,100,70,1002),(1004,'I say average! No?','2017-03-28 14:24:00',10,100,40,1002),(1005,'So terrible!','2017-03-29 00:00:00',10,100,91,1002),(1006,'These are good sneakers!','2017-03-29 09:36:00',10,100,96,1002),(1007,'These are horrendous sneakers!','2017-03-29 19:12:00',10,100,100,1002),(1008,'In a word: terrible!','2017-03-30 04:48:00',10,100,19,1002),(1009,'These are horrendous sneakers!','2017-03-30 14:24:00',10,100,42,1002),(1010,'...horrendous sneakers!','2017-03-31 00:00:00',10,100,35,1002),(1011,'In a word: mediocre!','2017-03-31 09:36:00',10,100,26,1002),(1012,'So horrendous!','2017-03-31 19:12:00',10,100,73,1002),(1013,'Airflow Sneakers from Nidas! Any comments?I have these sneakers and I think they\'re great!','2017-03-28 04:48:00',10,100,3,NULL),(1014,'These sneakers are average!','2017-03-31 19:12:00',10,100,40,1013),(1015,'These are mediocre sneakers!','2017-04-01 04:48:00',10,100,88,1013),(1016,'Hum, decent!','2017-04-01 14:24:00',10,100,34,1013),(1017,'I say horrendous! No?','2017-04-02 00:00:00',10,100,85,1013),(1018,'These sneakers are mediocre!','2017-04-02 09:36:00',10,100,25,1013),(1019,'These sneakers are mediocre!','2017-04-02 19:12:00',10,100,84,1013),(1020,'These sneakers are horrendous!','2017-04-03 04:48:00',10,100,57,1013),(1021,'In a word: poor!','2017-04-03 14:24:00',10,100,94,1013),(1022,'These sneakers are terrible!','2017-04-04 00:00:00',10,100,18,1013),(1023,'Hum, limited!','2017-04-04 09:36:00',10,100,81,1013),(1024,'Airflow Sneakers from Nidas! Any comments?...poor sneakers!','2017-03-31 19:12:00',10,100,4,NULL),(1025,'So average!','2017-04-04 09:36:00',10,100,83,1024),(1026,'...decent sneakers!','2017-04-04 19:12:00',10,100,76,1024),(1027,'...horrendous sneakers!','2017-04-05 04:48:00',10,100,52,1024),(1028,'So good!','2017-04-05 14:24:00',10,100,93,1024),(1029,'I say fair! No?','2017-04-06 00:00:00',10,100,54,1024),(1030,'poor!','2017-04-06 09:36:00',10,100,94,1024),(1031,'So horrendous!','2017-04-06 19:12:00',10,100,36,1024),(1032,'In a word: mediocre!','2017-04-07 04:48:00',10,100,13,1024),(1033,'I say deficient! No?','2017-04-07 14:24:00',10,100,31,1024),(1034,'What a weak sneakers!','2017-04-08 00:00:00',10,100,84,1024),(1035,'Have you tested the Nidas\' Airflow Sneakers? These sneakers are horrendous!','2017-04-04 09:36:00',10,100,5,NULL),(1036,'So limited!','2017-04-08 00:00:00',10,100,37,1035),(1037,'Hum, fair!','2017-04-08 09:36:00',10,100,99,1035),(1038,'What a limited sneakers!','2017-04-08 19:12:00',10,100,61,1035),(1039,'These are poor sneakers!','2017-04-09 04:48:00',10,100,14,1035),(1040,'I have these sneakers and I think they\'re great!','2017-04-09 14:24:00',10,100,96,1035),(1041,'I have these sneakers and I think they\'re dreadful!','2017-04-10 00:00:00',10,100,75,1035),(1042,'I say decent! No?','2017-04-10 09:36:00',10,100,76,1035),(1043,'So horrendous!','2017-04-10 19:12:00',10,100,60,1035),(1044,'...mediocre sneakers!','2017-04-11 04:48:00',10,100,77,1035),(1045,'...mediocre sneakers!','2017-04-11 14:24:00',10,100,10,1035),(1046,'Tell me what you think of the new Airflow Sneakers from Nidas! I have these sneakers and I think they\'re great!','2017-04-08 00:00:00',10,100,1,NULL),(1047,'These sneakers are terrible!','2017-04-11 14:24:00',10,100,59,1046),(1048,'These are mediocre sneakers!','2017-04-12 00:00:00',10,100,92,1046),(1049,'These are horrendous sneakers!','2017-04-12 09:36:00',10,100,87,1046),(1050,'Hum, horrendous!','2017-04-12 19:12:00',10,100,100,1046),(1051,'These are inferior sneakers!','2017-04-13 04:48:00',10,100,11,1046),(1052,'limited!','2017-04-13 14:24:00',10,100,80,1046),(1053,'What a weak sneakers!','2017-04-14 00:00:00',10,100,31,1046),(1054,'So mediocre!','2017-04-14 09:36:00',10,100,26,1046),(1055,'These are limited sneakers!','2017-04-14 19:12:00',10,100,10,1046),(1056,'I have these sneakers and I think they\'re fair!','2017-04-15 04:48:00',10,100,65,1046),(1057,'Airflow Sneakers from Nidas! Any comments?...poor sneakers!','2017-04-11 14:24:00',10,100,2,NULL),(1058,'So horrendous!','2017-04-15 04:48:00',10,100,51,1057),(1059,'horrendous!','2017-04-15 14:24:00',10,100,85,1057),(1060,'In a word: limited!','2017-04-16 00:00:00',10,100,88,1057),(1061,'horrendous!','2017-04-16 09:36:00',10,100,16,1057),(1062,'...dreadful sneakers!','2017-04-16 19:12:00',10,100,70,1057),(1063,'fair!','2017-04-17 04:48:00',10,100,12,1057),(1064,'I have these sneakers and I think they\'re horrendous!','2017-04-17 14:24:00',10,100,8,1057),(1065,'I say horrendous! No?','2017-04-18 00:00:00',10,100,64,1057),(1066,'So great!','2017-04-18 09:36:00',10,100,46,1057),(1067,'What a dreadful sneakers!','2017-04-18 19:12:00',10,100,75,1057),(1068,'Have you tested the Nidas\' Airflow Sneakers? Hum, horrendous!','2017-04-15 04:48:00',10,100,3,NULL),(1069,'These sneakers are horrendous!','2017-04-18 19:12:00',10,100,73,1068),(1070,'So weak!','2017-04-19 04:48:00',10,100,31,1068),(1071,'What a horrendous sneakers!','2017-04-19 14:24:00',10,100,27,1068),(1072,'So horrendous!','2017-04-20 00:00:00',10,100,86,1068),(1073,'I have these sneakers and I think they\'re deficient!','2017-04-20 09:36:00',10,100,67,1068),(1074,'So fine!','2017-04-20 19:12:00',10,100,93,1068),(1075,'These sneakers are average!','2017-04-21 04:48:00',10,100,40,1068),(1076,'...horrendous sneakers!','2017-04-21 14:24:00',10,100,100,1068),(1077,'So horrendous!','2017-04-22 00:00:00',10,100,87,1068),(1078,'horrendous!','2017-04-22 09:36:00',10,100,8,1068),(1079,'Tell me what you think of the new Airflow Sneakers from Nidas! What a average sneakers!','2017-04-18 19:12:00',10,100,4,NULL),(1080,'I have these sneakers and I think they\'re horrendous!','2017-04-22 09:36:00',10,100,22,1079),(1081,'In a word: fine!','2017-04-22 19:12:00',10,100,93,1079),(1082,'I have these sneakers and I think they\'re weak!','2017-04-23 04:48:00',10,100,31,1079),(1083,'I say horrendous! No?','2017-04-23 14:24:00',10,100,66,1079),(1084,'So weak!','2017-04-24 00:00:00',10,100,80,1079),(1085,'These are horrendous sneakers!','2017-04-24 09:36:00',10,100,62,1079),(1086,'These sneakers are horrendous!','2017-04-24 19:12:00',10,100,56,1079),(1087,'horrendous!','2017-04-25 04:48:00',10,100,39,1079),(1088,'These sneakers are terrible!','2017-04-25 14:24:00',10,100,47,1079),(1089,'...horrendous sneakers!','2017-04-26 00:00:00',10,100,70,1079),(1090,'Nidas launched the new Airflow Sneakers! ...horrendous sneakers!','2017-04-22 09:36:00',10,100,5,NULL),(1091,'These are horrendous sneakers!','2017-04-26 00:00:00',10,100,35,1090),(1092,'In a word: horrendous!','2017-04-26 09:36:00',10,100,57,1090),(1093,'weak!','2017-04-26 19:12:00',10,100,31,1090),(1094,'What a horrendous sneakers!','2017-04-27 04:48:00',10,100,45,1090),(1095,'In a word: fair!','2017-04-27 14:24:00',10,100,58,1090),(1096,'Hum, inferior!','2017-04-28 00:00:00',10,100,67,1090),(1097,'dreadful!','2017-04-28 09:36:00',10,100,59,1090),(1098,'These sneakers are horrendous!','2017-04-28 19:12:00',10,100,70,1090),(1099,'In a word: horrendous!','2017-04-29 04:48:00',10,100,36,1090),(1100,'I say limited! No?','2017-04-29 14:24:00',10,100,21,1090);
/*!40000 ALTER TABLE `post` ENABLE KEYS */;
UNLOCK TABLES;

--
-- Table structure for table `user`
--

DROP TABLE IF EXISTS `user`;
/*!40101 SET @saved_cs_client     = @@character_set_client */;
/*!40101 SET character_set_client = utf8 */;
CREATE TABLE `user` (
  `id` int(11) NOT NULL,
  `name` varchar(45) DEFAULT NULL,
  `age` int(11) DEFAULT NULL,
  `gender` varchar(45) DEFAULT NULL,
  `location` varchar(45) DEFAULT NULL,
  PRIMARY KEY (`id`),
  UNIQUE KEY `id_UNIQUE` (`id`)
) ENGINE=InnoDB DEFAULT CHARSET=utf8;
/*!40101 SET character_set_client = @saved_cs_client */;

--
-- Dumping data for table `user`
--

LOCK TABLES `user` WRITE;
/*!40000 ALTER TABLE `user` DISABLE KEYS */;
INSERT INTO `user` VALUES (1,'Sandra Goodrich',45,'Female','East'),(2,'Noel Scott Engel',40,'Male','West'),(3,'David Jones',35,'Male','East'),(4,'Eunice Waymoon',50,'Female','West'),(5,'Christa Paffgen',30,'Female','East'),(6,'Gladys',15,'Female','West'),(7,'Laverna',62,'Female','West'),(8,'Grayson',70,'Male','West'),(9,'Emmett',58,'Male','East'),(10,'Christian',30,'Male','East'),(11,'Gavin',63,'Male','East'),(12,'Melvina',42,'Female','East'),(13,'Unwin',21,'Male','East'),(14,'Gresham',70,'Male','East'),(15,'Sacha',25,'Female','East'),(16,'April',37,'Female','West'),(17,'Herbert',55,'Male','West'),(18,'Morgan',24,'Female','West'),(19,'Ingrid',19,'Female','West'),(20,'Bonnie',41,'Female','West'),(21,'Atwood',18,'Male','East'),(22,'Rhett',38,'Male','West'),(23,'Hortense',57,'Female','West'),(24,'Marvin',64,'Male','West'),(25,'Michael',31,'Male','East'),(26,'Victor',34,'Male','East'),(27,'Conan',22,'Male','West'),(28,'Mabel',13,'Female','East'),(29,'Mandy',79,'Female','West'),(30,'Alice',59,'Female','West'),(31,'Driscoll',45,'Male','East'),(32,'Willa',18,'Female','West'),(33,'Elvis',27,'Male','West'),(34,'Verda',50,'Female','East'),(35,'Medwin',32,'Male','West'),(36,'Tony',34,'Male','West'),(37,'Sebastian',41,'Male','East'),(38,'Connor',23,'Male','East'),(39,'Miriam',69,'Female','West'),(40,'Alma',55,'Female','East'),(41,'Conrad',62,'Male','West'),(42,'Catherine',69,'Female','West'),(43,'Monica',30,'Female','West'),(44,'Clive',16,'Male','East'),(45,'Shannon',35,'Female','West'),(46,'Kate',10,'Female','East'),(47,'Melanie',17,'Female','West'),(48,'Baldwin',62,'Male','East'),(49,'Dominica',64,'Female','East'),(50,'Hunter',42,'Male','East'),(51,'Thea',50,'Female','West'),(52,'Derek',70,'Male','West'),(53,'Cyril',64,'Male','West'),(54,'Margot',51,'Female','East'),(55,'Arlen',46,'Male','West'),(56,'Angus',54,'Male','West'),(57,'Walton',79,'Male','West'),(58,'Barbara',29,'Female','East'),(59,'Maxine',15,'Female','West'),(60,'Lionel',26,'Male','West'),(61,'Henry',23,'Male','East'),(62,'Sheridan',30,'Male','West'),(63,'Joy',10,'Female','East'),(64,'Paul',72,'Male','West'),(65,'Meris',47,'Female','East'),(66,'Kerri',64,'Female','West'),(67,'Amos',48,'Male','East'),(68,'Wynne',10,'Female','West'),(69,'Austin',63,'Male','West'),(70,'Dominique',35,'Female','West'),(71,'Ivory',28,'Female','West'),(72,'Geneva',58,'Female','West'),(73,'Shirley',57,'Female','West'),(74,'Nadia',14,'Female','East'),(75,'Rosa',21,'Female','West'),(76,'Minerva',35,'Female','East'),(77,'Alanna',60,'Female','East'),(78,'Rex',69,'Male','East'),(79,'Carl',13,'Male','West'),(80,'Trina',79,'Female','East'),(81,'Benedict',26,'Male','East'),(82,'Valerie',65,'Female','East'),(83,'Cherise',71,'Female','East'),(84,'Quenby',32,'Male','East'),(85,'Keegan',68,'Male','West'),(86,'Elena',70,'Female','West'),(87,'Abbott',54,'Male','West'),(88,'Fitzgerald',26,'Male','East'),(89,'Dora',13,'Female','East'),(90,'Elaine',78,'Female','East'),(91,'Primrose',10,'Female','West'),(92,'Ursula',68,'Female','East'),(93,'Rhea',10,'Female','East'),(94,'Timothy',68,'Male','East'),(95,'Cecil',58,'Male','West'),(96,'Alina',19,'Female','East'),(97,'Colin',78,'Male','East'),(98,'Coleman',60,'Male','West'),(99,'Ella',42,'Female','East'),(100,'Kit',31,'Male','West');
/*!40000 ALTER TABLE `user` ENABLE KEYS */;
UNLOCK TABLES;
/*!40103 SET TIME_ZONE=@OLD_TIME_ZONE */;

/*!40101 SET SQL_MODE=@OLD_SQL_MODE */;
/*!40014 SET FOREIGN_KEY_CHECKS=@OLD_FOREIGN_KEY_CHECKS */;
/*!40014 SET UNIQUE_CHECKS=@OLD_UNIQUE_CHECKS */;
/*!40101 SET CHARACTER_SET_CLIENT=@OLD_CHARACTER_SET_CLIENT */;
/*!40101 SET CHARACTER_SET_RESULTS=@OLD_CHARACTER_SET_RESULTS */;
/*!40101 SET COLLATION_CONNECTION=@OLD_COLLATION_CONNECTION */;
/*!40111 SET SQL_NOTES=@OLD_SQL_NOTES */;

-- Dump completed on 2016-07-15 19:26:45
